image_name,R1p,Y1p,X1p,R1s,Y1s,X1s
001_01.bmp,45,131,143,98,132,148
001_02.bmp,46,147,133,98,147,138
001_03.bmp,47,146,133,98,146,137
001_04.bmp,47,153,126,98,153,130
001_05.bmp,47,150,122,98,149,126
001_06.bmp,47,142,105,97,141,110
001_07.bmp,48,143,102,97,144,107
001_08.bmp,48,138,109,98,137,114
001_09.bmp,47,145,104,97,146,109
001_10.bmp,48,148,100,99,148,105
002_01.bmp,52,155,117,103,151,118
002_02.bmp,53,171,116,104,172,119
002_03.bmp,53,176,81,106,172,81
002_04.bmp,54,154,84,109,155,88
002_05.bmp,55,138,98,109,138,101
002_06.bmp,56,161,80,109,162,83
002_07.bmp,56,146,74,109,147,76
002_08.bmp,57,156,79,109,157,81
002_09.bmp,55,147,83,109,147,86
002_10.bmp,55,138,80,109,139,83
003_01.bmp,34,149,122,86,154,127
003_02.bmp,33,137,99,93,141,100
003_03.bmp,33,157,101,97,159,96
003_04.bmp,33,129,114,98,128,115
003_05.bmp,33,154,133,97,155,135
003_06.bmp,34,161,116,94,166,118
003_07.bmp,35,179,107,94,184,109
003_08.bmp,35,180,102,102,178,97
003_09.bmp,35,180,107,101,179,103
003_10.bmp,35,171,111,102,168,106
004_01.bmp,44,154,129,113,155,129
004_02.bmp,45,151,126,114,152,123
004_03.bmp,45,155,123,113,156,122
004_04.bmp,46,149,111,113,149,109
004_05.bmp,46,146,110,112,146,109
004_06.bmp,46,145,109,114,145,106
004_07.bmp,46,151,107,114,152,105
004_08.bmp,46,148,104,114,149,101
004_09.bmp,46,150,97,114,151,94
004_10.bmp,46,158,98,113,159,97
005_01.bmp,39,155,101,95,153,106
005_02.bmp,40,164,95,95,162,100
005_03.bmp,39,149,93,96,146,96
005_04.bmp,38,144,91,95,141,96
005_05.bmp,38,149,92,95,147,97
005_06.bmp,38,149,92,95,147,97
005_07.bmp,40,144,97,96,141,102
005_08.bmp,40,155,97,100,150,98
005_09.bmp,40,159,96,96,157,101
005_10.bmp,39,153,95,96,150,98
006_01.bmp,46,161,77,109,157,76
006_02.bmp,48,159,75,109,157,74
006_03.bmp,48,161,75,108,158,74
006_04.bmp,49,172,75,108,169,75
006_05.bmp,50,172,74,107,169,75
006_06.bmp,51,170,78,108,167,78
006_07.bmp,51,170,78,108,167,78
006_08.bmp,51,174,77,107,170,78
006_09.bmp,50,173,78,108,170,78
006_10.bmp,49,173,78,109,170,75
007_01.bmp,41,162,106,100,157,111
007_02.bmp,41,159,86,101,155,91
007_03.bmp,41,134,101,99,129,106
007_04.bmp,41,136,100,93,131,96
007_05.bmp,41,126,103,101,121,108
007_06.bmp,42,124,105,103,120,109
007_07.bmp,42,119,98,102,115,103
007_08.bmp,42,113,100,102,109,105
007_09.bmp,41,115,100,102,111,105
007_10.bmp,41,117,99,101,112,104
008_01.bmp,48,175,106,103,174,105
008_02.bmp,49,174,107,102,173,109
008_03.bmp,50,173,104,103,173,103
008_04.bmp,49,174,103,102,174,103
008_05.bmp,50,172,104,93,168,101
008_06.bmp,51,172,102,93,167,98
008_07.bmp,50,175,111,81,171,107
008_08.bmp,51,168,111,93,163,106
008_09.bmp,51,159,111,94,157,110
008_10.bmp,51,151,107,91,146,106
009_01.bmp,50,120,113,107,117,113
009_02.bmp,50,111,120,108,108,118
009_03.bmp,52,127,109,108,124,109
009_04.bmp,52,126,115,108,123,115
009_05.bmp,52,126,117,109,123,115
009_06.bmp,53,135,111,108,132,111
009_07.bmp,53,132,115,108,129,115
009_08.bmp,53,132,114,108,129,114
009_09.bmp,53,135,112,109,131,110
009_10.bmp,54,134,108,108,131,108
010_01.bmp,33,155,97,84,151,101
010_02.bmp,34,151,93,84,148,98
010_03.bmp,34,147,94,98,152,92
010_04.bmp,34,144,91,101,146,88
010_05.bmp,33,138,81,82,134,84
010_06.bmp,33,139,78,98,137,81
010_07.bmp,31,144,94,83,141,99
010_08.bmp,30,145,98,82,142,103
010_09.bmp,31,143,96,86,139,98
010_10.bmp,33,145,97,84,143,102
011_01.bmp,35,193,127,104,197,128
011_02.bmp,35,197,131,96,202,130
011_03.bmp,36,204,131,105,208,130
011_04.bmp,36,199,125,105,203,125
011_05.bmp,36,200,125,106,205,123
011_06.bmp,36,205,125,106,210,123
011_07.bmp,35,208,126,104,213,126
011_08.bmp,35,211,128,104,216,129
011_09.bmp,35,210,128,104,214,130
011_10.bmp,35,212,131,104,216,132
012_01.bmp,51,149,102,106,146,104
012_02.bmp,53,145,103,104,142,107
012_03.bmp,54,141,103,106,137,104
012_04.bmp,55,141,106,104,136,109
012_05.bmp,55,142,109,106,139,111
012_06.bmp,56,135,111,107,132,112
012_07.bmp,55,133,110,108,130,110
012_08.bmp,56,137,115,108,134,117
012_09.bmp,55,132,114,107,130,116
012_10.bmp,55,132,115,106,128,118
013_01.bmp,33,168,110,98,163,115
013_02.bmp,37,174,83,104,171,86
013_03.bmp,35,154,82,104,150,82
013_04.bmp,37,140,105,103,136,109
013_05.bmp,33,170,112,81,170,115
013_06.bmp,35,173,104,103,170,107
013_07.bmp,35,171,115,82,170,118
013_08.bmp,37,160,111,104,156,113
013_09.bmp,35,170,102,103,166,106
013_10.bmp,34,154,109,101,149,114
014_01.bmp,35,124,114,99,125,109
014_02.bmp,37,119,109,86,121,114
014_03.bmp,37,123,103,92,128,104
014_04.bmp,39,123,100,81,128,104
014_05.bmp,39,120,103,92,125,101
014_06.bmp,35,143,116,82,138,121
014_07.bmp,36,147,106,107,149,109
014_08.bmp,37,149,106,104,154,109
014_09.bmp,38,150,101,103,155,106
014_10.bmp,40,146,101,84,141,101
015_01.bmp,42,168,112,97,171,113
015_02.bmp,43,168,113,86,169,118
015_03.bmp,43,174,104,103,170,102
015_04.bmp,45,181,103,97,183,103
015_05.bmp,45,180,104,102,176,104
015_06.bmp,37,148,98,100,153,93
015_07.bmp,37,138,96,101,142,91
015_08.bmp,39,114,88,90,109,86
015_09.bmp,38,115,99,92,110,95
015_10.bmp,39,111,99,92,107,97
016_01.bmp,34,161,122,101,158,122
016_02.bmp,35,156,121,100,153,122
016_03.bmp,37,157,117,99,154,120
016_04.bmp,37,149,123,99,146,126
016_05.bmp,37,149,124,99,146,126
016_06.bmp,30,145,122,88,140,127
016_07.bmp,28,144,125,81,144,122
016_08.bmp,29,144,121,85,147,119
016_09.bmp,29,147,118,86,142,123
016_10.bmp,29,131,119,86,127,124
017_01.bmp,47,183,83,105,181,78
017_02.bmp,47,189,77,104,188,72
017_03.bmp,47,190,77,103,189,72
017_04.bmp,47,190,77,103,190,72
017_05.bmp,46,170,80,99,173,75
017_06.bmp,45,182,146,95,179,142
017_07.bmp,46,180,132,101,185,127
017_08.bmp,45,185,135,101,189,130
017_09.bmp,44,194,131,90,189,131
017_10.bmp,44,195,129,92,191,125
018_01.bmp,36,138,129,98,139,125
018_02.bmp,37,139,126,90,136,130
018_03.bmp,37,138,127,103,134,124
018_04.bmp,37,140,127,94,137,123
018_05.bmp,36,143,127,98,145,122
018_06.bmp,39,170,136,103,175,135
018_07.bmp,38,169,138,103,173,135
018_08.bmp,39,169,142,103,173,138
018_09.bmp,39,167,142,102,168,137
018_10.bmp,40,163,144,95,159,143
019_01.bmp,50,164,93,99,161,93
019_02.bmp,51,172,90,99,169,92
019_03.bmp,50,202,89,98,199,91
019_04.bmp,49,181,91,97,178,93
019_05.bmp,49,180,87,98,177,84
019_06.bmp,51,164,78,97,168,83
019_07.bmp,51,160,77,97,164,81
019_08.bmp,51,162,74,92,161,75
019_09.bmp,51,158,75,98,163,78
019_10.bmp,51,162,73,90,160,76
020_01.bmp,57,142,57,87,139,54
020_02.bmp,57,145,65,87,142,62
020_03.bmp,57,183,57,88,178,56
020_04.bmp,57,163,63,87,160,59
020_05.bmp,57,180,61,87,178,59
020_06.bmp,53,164,80,85,169,85
020_07.bmp,53,161,77,82,162,78
020_08.bmp,53,177,85,86,180,88
020_09.bmp,54,160,78,82,160,80
020_10.bmp,53,162,75,86,166,79
021_01.bmp,43,169,127,94,164,123
021_02.bmp,44,154,118,96,150,114
021_03.bmp,44,138,123,92,134,123
021_04.bmp,44,141,117,98,140,121
021_05.bmp,44,139,120,98,137,123
021_06.bmp,44,189,124,85,184,121
021_07.bmp,44,191,126,102,193,129
021_08.bmp,43,202,120,84,197,117
021_09.bmp,44,179,120,81,176,115
021_10.bmp,43,177,123,81,178,118
022_01.bmp,55,154,88,105,152,86
022_02.bmp,55,162,89,104,160,93
022_03.bmp,56,159,90,105,157,91
022_04.bmp,56,149,88,85,154,87
022_05.bmp,56,160,86,104,158,90
022_06.bmp,52,141,93,102,144,97
022_07.bmp,54,159,92,103,162,96
022_08.bmp,54,143,87,90,139,82
022_09.bmp,53,147,88,102,149,91
022_10.bmp,54,147,87,101,150,92
023_01.bmp,38,164,78,90,167,80
023_02.bmp,38,159,76,93,159,77
023_03.bmp,39,157,77,90,160,80
023_04.bmp,39,155,78,88,160,83
023_05.bmp,37,154,79,97,150,78
023_06.bmp,39,187,134,81,183,129
023_07.bmp,40,185,135,81,186,130
023_08.bmp,40,190,138,81,187,133
023_09.bmp,40,198,138,81,194,134
023_10.bmp,40,189,136,82,184,131
024_01.bmp,30,208,125,81,203,125
024_02.bmp,30,204,135,81,201,131
024_03.bmp,31,196,127,82,192,132
024_04.bmp,30,196,133,89,201,128
024_05.bmp,31,194,140,81,189,139
024_06.bmp,31,193,143,92,198,147
024_07.bmp,30,174,129,86,170,124
024_08.bmp,28,176,166,82,171,170
024_09.bmp,30,190,164,86,194,165
024_10.bmp,29,179,169,85,182,174
025_01.bmp,40,135,90,81,138,87
025_02.bmp,41,135,89,100,138,86
025_03.bmp,42,137,91,107,133,86
025_04.bmp,43,107,99,100,109,95
025_05.bmp,37,110,72,98,114,77
025_06.bmp,37,170,124,107,175,121
025_07.bmp,38,168,125,107,173,130
025_08.bmp,37,177,119,99,175,124
025_09.bmp,36,182,121,100,181,124
025_10.bmp,38,173,128,107,178,128
026_01.bmp,48,117,70,98,118,73
026_02.bmp,48,146,122,106,143,117
026_03.bmp,49,151,120,106,148,115
026_04.bmp,49,142,115,106,139,110
026_05.bmp,50,132,109,107,127,104
026_06.bmp,42,199,147,103,201,142
026_07.bmp,41,152,142,109,154,137
026_08.bmp,41,154,137,107,154,134
026_09.bmp,41,163,134,107,164,131
026_10.bmp,43,159,142,109,160,137
027_01.bmp,35,122,95,87,127,100
027_02.bmp,39,109,102,97,104,103
027_03.bmp,40,155,114,94,157,109
027_04.bmp,41,145,117,92,150,112
027_05.bmp,41,141,112,83,139,115
027_06.bmp,42,143,115,91,148,113
027_07.bmp,41,155,117,81,152,120
027_08.bmp,42,160,119,81,156,123
027_09.bmp,42,159,122,81,156,125
027_10.bmp,42,164,126,89,165,122
028_01.bmp,36,120,126,107,115,131
028_02.bmp,37,116,128,81,116,125
028_03.bmp,39,112,130,81,109,128
028_04.bmp,38,119,133,81,117,129
028_05.bmp,38,118,133,81,118,131
028_06.bmp,35,169,121,81,164,124
028_07.bmp,35,169,126,90,164,122
028_08.bmp,36,167,124,81,172,125
028_09.bmp,36,165,122,81,160,122
028_10.bmp,35,160,119,88,157,115
029_01.bmp,40,149,80,99,144,82
029_02.bmp,41,143,76,99,139,78
029_03.bmp,42,151,75,100,146,76
029_04.bmp,42,150,75,99,146,77
029_05.bmp,42,146,77,101,142,75
029_06.bmp,36,169,112,95,170,114
029_07.bmp,36,176,112,93,176,117
029_08.bmp,35,168,113,95,169,113
029_09.bmp,35,170,114,94,171,117
029_10.bmp,35,166,112,96,167,112
030_01.bmp,31,120,66,82,115,61
030_02.bmp,32,115,66,82,120,63
030_03.bmp,32,125,70,82,120,65
030_04.bmp,32,124,69,82,129,64
030_05.bmp,33,112,68,82,107,63
030_06.bmp,28,168,88,82,170,92
030_07.bmp,28,164,85,82,162,80
030_08.bmp,29,192,87,81,193,82
030_09.bmp,29,191,83,81,192,78
030_10.bmp,30,191,82,89,186,86
031_01.bmp,28,123,68,83,119,73
031_02.bmp,29,113,68,86,113,73
031_03.bmp,30,113,67,89,114,72
031_04.bmp,32,114,65,90,116,68
031_05.bmp,31,111,65,90,115,66
031_06.bmp,30,156,68,89,151,73
031_07.bmp,31,169,54,90,166,59
031_08.bmp,31,171,51,91,170,56
031_09.bmp,31,166,50,91,165,55
031_10.bmp,30,161,48,89,164,53
032_01.bmp,35,136,90,97,140,86
032_02.bmp,34,135,89,97,137,84
032_03.bmp,36,132,81,88,128,83
032_04.bmp,37,127,89,98,131,84
032_05.bmp,36,135,90,90,132,90
032_06.bmp,34,178,114,87,174,118
032_07.bmp,34,183,111,94,183,108
032_08.bmp,34,183,111,94,183,108
032_09.bmp,35,197,96,99,192,100
032_10.bmp,35,201,101,98,196,105
033_01.bmp,42,149,131,106,145,135
033_02.bmp,42,141,132,101,142,137
033_03.bmp,43,149,130,105,145,135
033_04.bmp,44,156,130,106,153,134
033_05.bmp,45,158,128,106,155,133
033_06.bmp,39,157,132,108,162,131
033_07.bmp,37,156,134,97,152,138
033_08.bmp,38,153,135,98,149,140
033_09.bmp,37,154,135,103,149,130
033_10.bmp,39,127,141,99,127,138
034_01.bmp,42,157,91,104,153,90
034_02.bmp,43,141,93,81,146,88
034_03.bmp,41,153,92,104,149,89
034_04.bmp,42,151,87,81,153,82
034_05.bmp,41,156,90,102,151,89
034_06.bmp,37,163,98,101,168,99
034_07.bmp,36,188,93,103,192,90
034_08.bmp,37,188,89,103,191,87
034_09.bmp,38,191,89,99,194,92
034_10.bmp,39,183,98,103,187,96
035_01.bmp,35,186,110,103,184,105
035_02.bmp,36,190,116,97,194,113
035_03.bmp,36,194,121,97,199,117
035_04.bmp,37,191,119,99,190,118
035_05.bmp,37,188,119,91,192,123
035_06.bmp,25,198,111,0,0,0
035_07.bmp,24,202,104,0,0,0
035_08.bmp,24,202,107,0,0,0
035_09.bmp,25,204,111,0,0,0
035_10.bmp,26,218,119,94,219,117
036_01.bmp,38,100,81,87,100,79
036_02.bmp,38,108,80,96,113,77
036_03.bmp,38,100,76,85,95,81
036_04.bmp,37,87,74,83,84,69
036_05.bmp,37,83,76,93,88,80
036_06.bmp,35,169,115,91,164,120
036_07.bmp,35,162,112,99,162,110
036_08.bmp,38,168,113,99,167,113
036_09.bmp,38,160,112,92,155,116
036_10.bmp,38,161,112,92,156,115
037_01.bmp,47,120,91,107,118,87
037_02.bmp,48,118,82,106,116,79
037_03.bmp,48,95,79,103,95,79
037_04.bmp,47,119,83,106,116,79
037_05.bmp,48,103,78,106,101,74
037_06.bmp,48,177,87,98,172,82
037_07.bmp,48,183,76,104,185,71
037_08.bmp,49,178,75,104,182,71
037_09.bmp,48,203,87,108,206,82
037_10.bmp,50,190,90,109,193,85
038_01.bmp,44,108,115,99,103,112
038_02.bmp,44,121,111,108,118,107
038_03.bmp,44,126,112,107,122,107
038_04.bmp,44,137,106,108,134,101
038_05.bmp,45,128,103,109,127,98
038_06.bmp,48,149,107,104,150,106
038_07.bmp,43,139,115,106,141,111
038_08.bmp,47,203,139,105,202,136
038_09.bmp,49,187,148,105,185,147
038_10.bmp,50,144,147,107,142,144
039_01.bmp,55,188,136,110,185,135
039_02.bmp,55,205,144,112,201,141
039_03.bmp,57,172,141,103,176,143
039_04.bmp,57,165,134,111,162,132
039_05.bmp,58,176,137,103,180,140
039_06.bmp,55,152,111,110,157,111
039_07.bmp,55,152,113,112,157,111
039_08.bmp,54,146,118,111,151,118
039_09.bmp,55,154,118,112,159,116
039_10.bmp,55,152,117,111,157,116
040_01.bmp,48,143,98,111,141,98
040_02.bmp,50,140,102,112,138,98
040_03.bmp,51,136,108,112,136,107
040_04.bmp,50,144,109,111,143,109
040_05.bmp,50,139,116,112,138,114
040_06.bmp,43,114,94,111,115,89
040_07.bmp,42,119,88,111,119,83
040_08.bmp,43,118,89,111,119,84
040_09.bmp,43,125,90,110,125,85
040_10.bmp,44,122,96,109,122,91
041_01.bmp,33,133,111,95,138,114
041_02.bmp,34,118,113,101,117,113
041_03.bmp,35,129,115,100,128,116
041_04.bmp,35,125,112,101,124,114
041_05.bmp,34,137,112,100,135,116
041_06.bmp,29,147,111,85,142,106
041_07.bmp,29,149,118,82,144,115
041_08.bmp,30,147,119,82,142,117
041_09.bmp,30,141,126,84,136,121
041_10.bmp,30,152,132,82,147,131
042_01.bmp,46,108,101,103,107,104
042_02.bmp,45,176,115,103,176,115
042_03.bmp,46,165,121,103,165,121
042_04.bmp,47,167,124,102,167,125
042_05.bmp,47,167,131,103,167,131
042_06.bmp,44,200,135,102,203,135
042_07.bmp,44,176,133,102,180,134
042_08.bmp,46,177,141,101,181,144
042_09.bmp,46,187,140,103,191,138
042_10.bmp,46,187,138,103,190,138
043_01.bmp,43,184,140,105,180,137
043_02.bmp,43,198,139,104,194,137
043_03.bmp,43,213,141,103,208,140
043_04.bmp,43,188,132,104,183,132
043_05.bmp,41,182,133,104,177,132
043_06.bmp,40,154,113,104,159,110
043_07.bmp,42,184,136,106,189,134
043_08.bmp,42,194,145,97,199,143
043_09.bmp,42,190,147,98,195,142
043_10.bmp,43,194,155,106,199,153
044_01.bmp,33,149,128,85,150,133
044_02.bmp,33,169,126,96,166,123
044_03.bmp,33,166,127,84,168,132
044_04.bmp,32,168,125,89,170,126
044_05.bmp,33,166,127,85,166,132
044_06.bmp,33,211,125,95,216,121
044_07.bmp,32,187,125,94,192,120
044_08.bmp,32,199,124,89,199,122
044_09.bmp,32,201,122,93,205,122
044_10.bmp,32,207,125,94,212,120
045_01.bmp,37,203,131,97,198,130
045_02.bmp,38,198,133,97,193,132
045_03.bmp,39,202,131,97,198,129
045_04.bmp,40,202,132,97,198,130
045_05.bmp,40,201,131,107,196,127
045_06.bmp,35,185,138,101,189,133
045_07.bmp,34,190,135,98,195,133
045_08.bmp,34,188,135,98,193,134
045_09.bmp,35,190,131,104,195,131
045_10.bmp,36,187,131,107,192,128
046_01.bmp,31,175,111,85,180,116
046_02.bmp,33,175,100,95,170,105
046_03.bmp,32,148,108,95,143,113
046_04.bmp,33,137,116,97,132,121
046_05.bmp,34,127,113,97,122,118
046_06.bmp,32,134,120,90,129,120
046_07.bmp,32,133,114,90,128,114
046_08.bmp,32,148,113,91,143,112
046_09.bmp,33,146,119,98,149,121
046_10.bmp,33,148,121,94,151,126
047_01.bmp,39,145,111,108,140,114
047_02.bmp,40,144,112,107,139,117
047_03.bmp,37,124,159,81,127,154
047_04.bmp,39,125,148,110,120,147
047_05.bmp,41,123,149,81,128,145
047_06.bmp,34,168,86,101,166,90
047_07.bmp,34,184,93,98,179,97
047_08.bmp,35,160,92,104,159,96
047_09.bmp,35,168,95,99,163,99
047_10.bmp,36,173,100,106,172,101
048_01.bmp,42,159,101,84,162,106
048_02.bmp,42,154,106,109,157,105
048_03.bmp,41,163,103,91,168,101
048_04.bmp,44,158,103,92,163,101
048_05.bmp,46,166,100,93,171,97
048_06.bmp,41,215,97,81,220,100
048_07.bmp,41,218,98,81,223,103
048_08.bmp,40,231,100,81,236,104
048_09.bmp,42,250,98,81,255,103
048_10.bmp,41,220,113,82,225,118
049_01.bmp,46,143,114,109,138,110
049_02.bmp,44,145,120,97,147,125
049_03.bmp,45,140,117,90,139,122
049_04.bmp,44,138,124,97,138,129
049_05.bmp,47,132,121,107,127,122
049_06.bmp,42,142,125,108,147,120
049_07.bmp,42,139,122,107,144,117
049_08.bmp,42,137,127,107,142,122
049_09.bmp,41,137,125,107,142,120
049_10.bmp,41,137,127,107,142,122
050_01.bmp,38,154,137,104,149,141
050_02.bmp,38,147,141,102,145,140
050_03.bmp,38,147,137,101,146,138
050_04.bmp,38,145,138,101,144,138
050_05.bmp,39,149,138,104,144,141
050_06.bmp,40,177,111,103,177,114
050_07.bmp,40,174,110,103,175,113
050_08.bmp,40,183,109,104,185,110
050_09.bmp,40,189,112,103,189,114
050_10.bmp,40,188,114,102,187,118
051_01.bmp,50,189,128,107,187,129
051_02.bmp,48,181,126,107,179,126
051_03.bmp,49,173,126,99,172,121
051_04.bmp,50,169,125,98,168,121
051_05.bmp,51,176,127,106,175,130
051_06.bmp,49,162,136,106,164,133
051_07.bmp,48,161,148,91,160,148
051_08.bmp,45,134,153,106,137,152
051_09.bmp,46,125,155,107,128,152
051_10.bmp,48,136,158,106,138,155
052_01.bmp,42,113,120,104,109,124
052_02.bmp,42,113,120,104,109,124
052_03.bmp,39,100,114,97,96,115
052_04.bmp,41,100,114,99,100,119
052_05.bmp,42,93,117,97,89,119
052_06.bmp,44,207,125,106,212,126
052_07.bmp,44,202,127,107,206,125
052_08.bmp,43,200,133,103,200,132
052_09.bmp,44,224,128,83,226,133
052_10.bmp,44,180,137,81,181,135
053_01.bmp,40,137,99,103,132,99
053_02.bmp,42,135,100,103,130,100
053_03.bmp,42,134,100,104,129,97
053_04.bmp,42,133,100,104,128,98
053_05.bmp,43,130,103,104,125,101
053_06.bmp,37,189,110,104,194,112
053_07.bmp,38,193,108,104,198,109
053_08.bmp,38,189,106,104,194,107
053_09.bmp,38,191,108,103,195,109
053_10.bmp,39,190,108,104,195,108
054_01.bmp,54,125,89,104,120,93
054_02.bmp,54,131,91,105,126,93
054_03.bmp,54,134,89,104,129,92
054_04.bmp,53,132,98,106,127,99
054_05.bmp,53,135,96,104,130,101
054_06.bmp,41,155,89,106,160,86
054_07.bmp,40,150,89,104,155,86
054_08.bmp,42,148,92,103,153,93
054_09.bmp,42,155,90,103,160,90
054_10.bmp,43,153,87,103,158,88
055_01.bmp,47,181,82,103,180,82
055_02.bmp,46,174,82,104,172,80
055_03.bmp,47,178,79,103,175,81
055_04.bmp,47,174,80,103,171,78
055_05.bmp,47,175,86,103,173,87
055_06.bmp,48,181,87,103,178,88
055_07.bmp,41,137,104,103,142,101
055_08.bmp,41,138,100,101,142,105
055_09.bmp,41,134,103,102,139,106
055_10.bmp,40,135,104,102,140,106
056_01.bmp,47,169,88,99,164,93
056_02.bmp,47,171,91,101,166,94
056_03.bmp,48,163,85,100,158,90
056_04.bmp,49,163,89,99,158,94
056_05.bmp,47,150,83,99,145,88
056_06.bmp,47,156,99,103,159,98
056_07.bmp,48,158,97,103,159,99
056_08.bmp,47,149,96,103,151,96
056_09.bmp,48,143,94,101,146,98
056_10.bmp,49,145,97,102,149,97
057_01.bmp,31,155,117,90,158,122
057_02.bmp,32,162,109,95,159,113
057_03.bmp,34,183,107,98,179,108
057_04.bmp,34,176,97,98,172,97
057_05.bmp,32,173,97,95,168,101
057_06.bmp,30,144,113,88,141,117
057_07.bmp,30,146,109,89,144,114
057_08.bmp,33,149,111,98,149,114
057_09.bmp,32,141,112,95,139,116
057_10.bmp,31,151,108,92,146,113
058_01.bmp,52,150,114,99,145,113
058_02.bmp,52,156,116,107,151,121
058_03.bmp,53,155,113,105,152,118
058_04.bmp,53,159,111,81,160,107
058_05.bmp,53,157,107,109,157,108
058_06.bmp,40,191,111,114,193,108
058_07.bmp,40,193,113,115,195,108
058_08.bmp,41,201,107,113,202,105
058_09.bmp,41,156,105,112,158,103
058_10.bmp,41,154,108,111,156,107
059_01.bmp,25,115,137,0,0,0
059_02.bmp,25,118,140,0,0,0
059_03.bmp,26,140,127,95,143,132
059_04.bmp,27,138,135,80,138,135
059_05.bmp,26,139,136,96,140,133
059_06.bmp,26,125,108,102,120,108
059_07.bmp,26,134,115,94,129,120
059_08.bmp,27,138,110,80,134,110
059_09.bmp,28,151,116,82,146,114
059_10.bmp,27,156,113,80,155,110
060_01.bmp,37,135,97,99,139,102
060_02.bmp,37,131,93,99,134,98
060_03.bmp,38,138,95,101,140,100
060_04.bmp,38,135,96,100,138,101
060_05.bmp,38,124,96,97,129,101
060_06.bmp,37,186,100,103,191,104
060_07.bmp,37,186,102,105,191,104
060_08.bmp,38,192,98,102,196,103
060_09.bmp,39,197,98,104,202,103
060_10.bmp,37,197,101,105,202,106
061_01.bmp,33,141,91,98,141,92
061_02.bmp,32,99,82,93,94,87
061_03.bmp,31,151,97,92,146,102
061_04.bmp,33,144,93,98,142,96
061_05.bmp,34,139,94,99,134,99
061_06.bmp,36,166,121,101,169,123
061_07.bmp,35,164,119,101,167,121
061_08.bmp,35,153,121,101,157,121
061_09.bmp,36,151,126,101,154,126
061_10.bmp,37,158,127,102,162,126
062_01.bmp,31,168,71,86,164,73
062_02.bmp,32,175,69,88,173,69
062_03.bmp,32,172,73,86,167,77
062_04.bmp,32,169,72,82,164,69
062_05.bmp,32,170,69,84,165,74
062_06.bmp,32,191,90,94,187,90
062_07.bmp,30,142,102,89,137,104
062_08.bmp,30,138,101,81,141,101
062_09.bmp,31,118,94,81,121,99
062_10.bmp,32,113,91,94,115,96
063_01.bmp,50,163,115,103,161,113
063_02.bmp,49,185,122,103,183,120
063_03.bmp,48,185,129,104,182,125
063_04.bmp,49,181,125,103,179,123
063_05.bmp,49,191,124,103,189,121
063_06.bmp,47,178,133,102,183,134
063_07.bmp,48,182,130,102,187,130
063_08.bmp,48,177,128,106,182,125
063_09.bmp,48,177,127,101,182,129
063_10.bmp,47,171,125,100,174,125
064_01.bmp,33,124,105,96,129,100
064_02.bmp,34,122,111,88,126,115
064_03.bmp,34,126,113,97,131,108
064_04.bmp,35,134,109,102,139,109
064_05.bmp,36,125,106,107,120,109
064_06.bmp,32,209,135,81,214,130
064_07.bmp,33,195,124,97,198,122
064_08.bmp,33,192,120,81,196,115
064_09.bmp,33,191,126,98,191,131
064_10.bmp,33,194,126,95,195,125
065_01.bmp,38,142,86,110,139,82
065_02.bmp,39,136,81,110,133,76
065_03.bmp,40,134,84,110,132,80
065_04.bmp,40,134,83,111,131,78
065_05.bmp,40,138,87,108,136,87
065_06.bmp,40,138,87,108,136,87
065_07.bmp,38,158,101,102,163,104
065_08.bmp,38,156,99,98,156,99
065_09.bmp,37,157,94,102,162,96
065_10.bmp,37,168,92,99,172,97
066_01.bmp,41,176,132,101,178,136
066_02.bmp,42,162,125,109,157,124
066_03.bmp,42,159,129,107,155,130
066_04.bmp,42,158,130,105,156,132
066_05.bmp,42,157,128,107,153,130
066_06.bmp,42,170,108,106,172,107
066_07.bmp,42,180,114,104,181,116
066_08.bmp,43,180,117,105,182,117
066_09.bmp,44,170,121,106,172,121
066_10.bmp,43,176,112,106,178,112
067_01.bmp,44,160,116,106,158,111
067_02.bmp,45,157,123,106,154,119
067_03.bmp,46,166,125,106,163,121
067_04.bmp,46,164,133,106,161,129
067_05.bmp,47,162,139,107,160,134
067_06.bmp,42,172,76,104,177,73
067_07.bmp,44,154,79,100,157,79
067_08.bmp,43,156,81,99,156,80
067_09.bmp,43,158,77,99,159,78
067_10.bmp,43,157,76,101,158,74
068_01.bmp,43,104,96,106,99,95
068_02.bmp,43,120,91,106,116,89
068_03.bmp,44,118,93,88,115,98
068_04.bmp,43,116,91,96,121,93
068_05.bmp,43,114,87,106,109,86
068_06.bmp,42,190,89,93,191,88
068_07.bmp,43,204,84,95,205,83
068_08.bmp,39,159,80,89,160,85
068_09.bmp,38,165,76,90,166,80
068_10.bmp,39,162,74,90,163,79
069_01.bmp,40,153,100,97,158,95
069_02.bmp,42,130,100,88,133,95
069_03.bmp,41,126,101,101,126,98
069_04.bmp,41,135,99,102,135,94
069_05.bmp,41,122,92,101,123,88
069_06.bmp,38,149,123,98,150,118
069_07.bmp,38,138,131,95,135,126
069_08.bmp,36,143,118,99,143,113
069_09.bmp,35,135,122,85,130,118
069_10.bmp,36,121,124,86,116,119
070_01.bmp,37,159,102,97,162,98
070_02.bmp,37,158,104,108,159,106
070_03.bmp,37,159,101,108,159,106
070_04.bmp,38,163,97,81,168,92
070_05.bmp,37,162,100,101,160,96
070_06.bmp,39,189,101,101,192,96
070_07.bmp,39,195,96,98,198,96
070_08.bmp,38,200,91,99,203,87
070_09.bmp,39,204,92,98,207,92
070_10.bmp,39,204,89,101,207,85
071_01.bmp,46,203,121,103,201,116
071_02.bmp,46,195,123,99,197,125
071_03.bmp,45,203,124,102,202,123
071_04.bmp,46,200,125,101,199,127
071_05.bmp,47,209,129,102,208,128
071_06.bmp,39,209,129,81,204,124
071_07.bmp,36,173,138,98,169,141
071_08.bmp,35,185,143,88,187,147
071_09.bmp,34,164,134,85,169,129
071_10.bmp,34,210,119,101,214,122
072_01.bmp,43,133,91,106,130,87
072_02.bmp,42,132,92,106,130,88
072_03.bmp,43,128,89,106,125,85
072_04.bmp,43,127,83,105,124,79
072_05.bmp,43,131,88,104,129,85
072_06.bmp,39,138,103,101,140,108
072_07.bmp,41,154,120,104,158,123
072_08.bmp,39,146,113,102,148,117
072_09.bmp,38,148,113,102,150,117
072_10.bmp,38,146,106,101,148,110
073_01.bmp,29,152,101,81,157,104
073_02.bmp,29,147,102,81,152,101
073_03.bmp,30,151,98,81,154,103
073_04.bmp,30,150,99,81,146,97
073_05.bmp,31,150,100,81,154,98
073_06.bmp,35,159,94,104,163,93
073_07.bmp,36,155,96,102,155,101
073_08.bmp,37,157,93,104,161,91
073_09.bmp,36,158,96,106,162,91
073_10.bmp,35,158,96,104,161,94
074_01.bmp,46,110,95,103,106,98
074_02.bmp,46,99,80,103,95,82
074_03.bmp,42,204,107,102,199,109
074_04.bmp,43,188,99,99,184,104
074_05.bmp,43,190,95,100,185,99
074_06.bmp,34,166,86,88,169,87
074_07.bmp,34,177,83,101,181,88
074_08.bmp,34,175,77,101,178,82
074_09.bmp,34,174,77,101,178,82
074_10.bmp,34,167,76,94,162,81
075_01.bmp,45,132,86,103,127,91
075_02.bmp,45,133,89,103,128,93
075_03.bmp,45,135,87,103,130,90
075_04.bmp,47,130,90,103,125,94
075_05.bmp,48,138,85,102,133,89
075_06.bmp,46,187,92,102,191,95
075_07.bmp,47,187,89,109,192,84
075_08.bmp,46,188,95,109,193,90
075_09.bmp,46,194,96,103,198,98
075_10.bmp,47,197,93,106,201,92
076_01.bmp,46,160,124,104,157,126
076_02.bmp,46,160,113,103,158,115
076_03.bmp,47,154,118,103,151,121
076_04.bmp,47,155,115,104,153,118
076_05.bmp,46,147,118,104,145,118
076_06.bmp,41,168,102,103,173,106
076_07.bmp,41,171,107,105,175,104
076_08.bmp,41,164,105,101,165,106
076_09.bmp,40,171,108,103,175,110
076_10.bmp,41,158,109,102,158,105
077_01.bmp,43,163,139,110,160,134
077_02.bmp,43,154,130,109,152,125
077_03.bmp,43,160,132,109,158,127
077_04.bmp,44,149,130,109,147,125
077_05.bmp,42,138,123,108,135,119
077_06.bmp,36,173,134,81,168,138
077_07.bmp,36,178,134,82,174,139
077_08.bmp,36,179,135,81,175,140
077_09.bmp,37,175,137,97,170,141
077_10.bmp,37,176,138,108,180,135
078_01.bmp,36,170,92,102,172,90
078_02.bmp,37,177,98,103,179,95
078_03.bmp,38,183,96,108,181,91
078_04.bmp,38,179,94,104,178,98
078_05.bmp,39,180,87,102,178,92
078_06.bmp,32,163,96,91,168,101
078_07.bmp,33,168,92,96,163,87
078_08.bmp,33,175,95,98,174,94
078_09.bmp,35,172,91,103,176,92
078_10.bmp,34,172,92,101,177,97
079_01.bmp,40,154,141,101,152,141
079_02.bmp,40,149,136,100,147,138
079_03.bmp,41,146,135,99,144,138
079_04.bmp,41,142,134,100,140,136
079_05.bmp,41,162,132,99,160,135
079_06.bmp,38,165,125,103,168,125
079_07.bmp,39,166,123,103,168,123
079_08.bmp,41,161,124,102,164,127
079_09.bmp,42,151,119,102,154,122
079_10.bmp,42,161,119,103,164,119
080_01.bmp,48,196,104,108,191,104
080_02.bmp,48,196,101,108,191,102
080_03.bmp,47,190,97,107,185,98
080_04.bmp,48,189,104,108,184,107
080_05.bmp,48,191,98,108,186,100
080_06.bmp,43,178,98,115,183,93
080_07.bmp,42,171,102,115,176,97
080_08.bmp,42,180,98,114,185,94
080_09.bmp,43,182,103,115,187,99
080_10.bmp,43,184,104,115,189,100
081_01.bmp,32,135,94,95,136,90
081_02.bmp,32,138,92,90,143,90
081_03.bmp,34,137,93,97,132,90
081_04.bmp,34,138,88,101,133,93
081_05.bmp,35,139,91,104,134,94
081_06.bmp,34,164,96,101,164,97
081_07.bmp,35,154,95,104,159,96
081_08.bmp,36,156,98,107,161,96
081_09.bmp,35,160,97,101,160,98
081_10.bmp,35,158,96,101,158,97
082_01.bmp,44,131,107,108,126,112
082_02.bmp,44,132,112,107,127,117
082_03.bmp,45,123,109,108,118,114
082_04.bmp,43,128,103,107,123,108
082_05.bmp,44,125,107,108,120,112
082_06.bmp,43,183,95,100,181,98
082_07.bmp,43,178,101,109,183,102
082_08.bmp,43,170,95,110,175,96
082_09.bmp,43,178,92,109,183,94
082_10.bmp,43,176,93,109,181,96
083_01.bmp,48,161,95,109,158,94
083_02.bmp,47,164,99,110,160,96
083_03.bmp,47,142,99,103,143,104
083_04.bmp,48,163,100,107,162,100
083_05.bmp,47,170,91,105,167,94
083_06.bmp,59,147,112,97,143,116
083_07.bmp,59,148,113,98,143,115
083_08.bmp,59,147,113,95,142,118
083_09.bmp,59,159,118,99,154,119
083_10.bmp,59,152,119,94,147,124
084_01.bmp,49,171,135,106,173,133
084_02.bmp,49,165,134,103,166,137
084_03.bmp,50,159,134,106,162,133
084_04.bmp,51,160,132,106,163,132
084_05.bmp,51,160,136,107,163,133
084_06.bmp,48,165,134,99,161,139
084_07.bmp,48,165,131,112,170,126
084_08.bmp,47,162,127,112,166,122
084_09.bmp,48,156,123,112,160,118
084_10.bmp,49,145,125,112,149,120
085_01.bmp,39,180,117,106,176,118
085_02.bmp,40,186,112,107,181,112
085_03.bmp,40,184,110,106,180,111
085_04.bmp,38,178,109,106,173,110
085_05.bmp,39,180,113,107,175,113
085_06.bmp,38,171,98,108,174,96
085_07.bmp,38,172,97,108,176,95
085_08.bmp,40,175,97,108,178,94
085_09.bmp,40,173,97,108,176,94
085_10.bmp,40,170,99,108,174,95
086_01.bmp,47,138,118,106,134,114
086_02.bmp,48,141,115,106,136,111
086_03.bmp,47,136,120,106,131,116
086_04.bmp,47,135,121,101,135,119
086_05.bmp,47,139,120,106,134,115
086_06.bmp,42,169,103,82,164,107
086_07.bmp,42,166,103,101,170,106
086_08.bmp,42,168,108,103,173,106
086_09.bmp,42,172,108,102,176,110
086_10.bmp,43,166,108,102,170,110
087_01.bmp,28,171,76,83,172,81
087_02.bmp,33,88,50,97,91,51
087_03.bmp,28,170,68,83,175,70
087_04.bmp,28,181,70,81,178,73
087_05.bmp,28,180,65,83,179,65
087_06.bmp,24,191,92,0,0,0
087_07.bmp,24,188,91,0,0,0
087_08.bmp,24,196,95,0,0,0
087_09.bmp,25,193,94,0,0,0
087_10.bmp,25,205,101,0,0,0
088_01.bmp,47,124,120,112,119,116
088_02.bmp,46,134,119,112,129,114
088_03.bmp,47,132,119,97,127,124
088_04.bmp,48,134,114,109,130,119
088_05.bmp,48,130,115,111,125,112
088_06.bmp,41,195,101,101,195,104
088_07.bmp,40,212,103,97,208,108
088_08.bmp,43,196,105,101,196,106
088_09.bmp,43,190,103,84,192,107
088_10.bmp,43,207,108,85,206,108
089_01.bmp,36,160,104,107,156,107
089_02.bmp,36,153,106,101,151,107
089_03.bmp,36,152,109,107,151,110
089_04.bmp,36,158,106,107,159,102
089_05.bmp,37,160,102,109,157,102
089_06.bmp,34,177,119,101,181,124
089_07.bmp,37,176,115,103,180,120
089_08.bmp,37,176,116,103,180,121
089_09.bmp,37,188,111,105,190,115
089_10.bmp,36,190,112,105,193,114
090_01.bmp,49,152,111,104,148,108
090_02.bmp,48,154,110,103,150,107
090_03.bmp,49,153,101,103,149,99
090_04.bmp,48,148,97,105,143,92
090_05.bmp,48,148,102,101,147,102
090_06.bmp,43,174,122,103,179,121
090_07.bmp,43,169,118,103,174,117
090_08.bmp,43,166,119,102,171,118
090_09.bmp,44,169,120,103,174,119
090_10.bmp,44,170,123,102,174,122
091_01.bmp,29,110,111,84,115,107
091_02.bmp,33,156,101,85,155,96
091_03.bmp,33,140,98,81,135,96
091_04.bmp,34,140,99,81,136,98
091_05.bmp,33,136,101,85,140,96
091_06.bmp,33,167,104,91,171,99
091_07.bmp,33,176,103,84,174,107
091_08.bmp,34,176,103,91,176,100
091_09.bmp,34,168,105,85,173,107
091_10.bmp,34,169,99,90,171,99
092_01.bmp,43,157,135,94,152,140
092_02.bmp,44,172,135,86,167,136
092_03.bmp,44,162,140,82,158,145
092_04.bmp,43,173,135,82,168,140
092_05.bmp,43,170,141,97,167,141
092_06.bmp,39,178,127,96,183,128
092_07.bmp,39,192,131,88,190,136
092_08.bmp,38,184,128,88,181,132
092_09.bmp,38,185,123,87,183,128
092_10.bmp,38,195,122,88,193,126
093_01.bmp,38,134,77,106,129,78
093_02.bmp,36,124,80,103,121,82
093_03.bmp,37,127,79,106,122,79
093_04.bmp,38,126,78,106,121,76
093_05.bmp,36,123,77,104,120,79
093_06.bmp,34,197,116,101,201,117
093_07.bmp,35,212,117,102,215,116
093_08.bmp,34,208,120,101,212,121
093_09.bmp,35,211,119,103,214,117
093_10.bmp,35,216,129,103,219,126
094_01.bmp,41,161,110,104,159,114
094_02.bmp,41,164,110,105,162,112
094_03.bmp,41,169,114,105,167,117
094_04.bmp,42,167,116,104,165,121
094_05.bmp,42,162,114,105,162,117
094_06.bmp,47,164,107,105,168,107
094_07.bmp,47,163,105,104,167,106
094_08.bmp,46,185,109,104,189,111
094_09.bmp,46,197,115,104,201,118
094_10.bmp,46,195,119,105,199,119
095_01.bmp,33,171,79,81,166,81
095_02.bmp,36,182,95,106,177,93
095_03.bmp,36,190,83,102,187,88
095_04.bmp,36,209,66,106,204,61
095_05.bmp,36,205,74,106,200,71
095_06.bmp,32,168,109,86,168,110
095_07.bmp,33,167,112,98,162,111
095_08.bmp,33,165,109,84,167,113
095_09.bmp,33,172,100,83,177,105
095_10.bmp,34,177,92,99,172,88
096_01.bmp,40,153,115,101,149,114
096_02.bmp,40,151,115,99,148,118
096_03.bmp,40,156,114,99,152,118
096_04.bmp,42,148,118,100,144,118
096_05.bmp,42,148,121,101,143,121
096_06.bmp,39,210,115,96,211,118
096_07.bmp,40,223,109,95,222,114
096_08.bmp,41,232,113,96,232,117
096_09.bmp,42,187,124,93,185,129
096_10.bmp,42,181,125,93,178,130
097_01.bmp,40,117,79,109,113,77
097_02.bmp,41,145,91,109,140,91
097_03.bmp,41,145,94,107,140,96
097_04.bmp,42,146,96,108,141,96
097_05.bmp,42,146,95,108,141,96
097_06.bmp,40,144,112,109,149,111
097_07.bmp,40,143,109,109,148,108
097_08.bmp,41,134,117,109,139,115
097_09.bmp,42,141,118,108,144,120
097_10.bmp,40,144,109,110,149,105
098_01.bmp,33,131,96,98,131,96
098_02.bmp,34,112,93,101,113,90
098_03.bmp,33,109,95,98,110,94
098_04.bmp,33,115,94,97,115,94
098_05.bmp,33,120,95,97,118,99
098_06.bmp,29,170,119,81,170,120
098_07.bmp,31,179,117,86,181,113
098_08.bmp,31,181,112,86,183,107
098_09.bmp,30,176,112,84,178,109
098_10.bmp,30,172,117,81,174,116
099_01.bmp,34,101,115,97,96,113
099_02.bmp,35,135,126,93,134,130
099_03.bmp,33,122,125,98,118,126
099_04.bmp,33,128,122,92,129,127
099_05.bmp,35,120,122,99,115,123
099_06.bmp,33,174,133,98,179,131
099_07.bmp,35,166,131,99,171,128
099_08.bmp,35,162,132,99,167,129
099_09.bmp,35,165,135,101,170,130
099_10.bmp,35,164,129,91,167,134
100_01.bmp,44,171,92,81,171,97
100_02.bmp,45,166,92,84,163,97
100_03.bmp,45,165,94,81,160,92
100_04.bmp,46,162,93,82,157,90
100_05.bmp,47,159,96,81,156,96
100_06.bmp,34,145,95,81,140,91
100_07.bmp,34,131,94,82,135,97
100_08.bmp,35,126,94,81,128,95
100_09.bmp,35,129,89,81,131,91
100_10.bmp,35,124,98,82,126,103
101_01.bmp,50,123,116,81,122,112
101_02.bmp,50,130,104,111,128,99
101_03.bmp,50,135,102,81,130,100
101_04.bmp,51,132,99,82,134,104
101_05.bmp,52,136,102,101,137,107
101_06.bmp,46,132,107,81,137,104
101_07.bmp,46,136,106,82,138,110
101_08.bmp,47,137,101,106,141,101
101_09.bmp,47,142,105,81,137,101
101_10.bmp,48,139,109,81,134,106
102_01.bmp,32,173,118,95,178,120
102_02.bmp,31,194,122,92,197,127
102_03.bmp,31,165,111,91,170,106
102_04.bmp,31,174,102,92,179,107
102_05.bmp,32,172,100,95,177,102
102_06.bmp,32,167,89,93,165,84
102_07.bmp,32,163,91,93,162,86
102_08.bmp,32,178,84,94,176,79
102_09.bmp,31,183,89,92,181,85
102_10.bmp,32,196,90,94,193,85
103_01.bmp,49,182,137,108,179,132
103_02.bmp,49,177,133,108,174,131
103_03.bmp,50,172,135,101,177,130
103_04.bmp,49,175,139,99,180,137
103_05.bmp,49,163,143,108,159,138
103_06.bmp,40,170,138,102,169,136
103_07.bmp,39,181,155,101,176,150
103_08.bmp,29,152,104,86,147,100
103_09.bmp,30,163,111,84,158,110
103_10.bmp,31,160,112,92,155,116
104_01.bmp,42,149,121,108,144,119
104_02.bmp,43,150,126,108,145,125
104_03.bmp,42,150,127,109,146,123
104_04.bmp,42,152,130,108,147,126
104_05.bmp,43,152,129,109,148,124
104_06.bmp,35,153,111,104,152,113
104_07.bmp,34,154,110,93,150,108
104_08.bmp,33,152,107,86,147,112
104_09.bmp,34,154,102,101,151,107
104_10.bmp,35,152,103,102,150,108
105_01.bmp,29,147,97,82,152,96
105_02.bmp,30,146,90,81,146,85
105_03.bmp,30,147,83,82,152,80
105_04.bmp,31,162,76,90,157,81
105_05.bmp,31,154,82,90,149,86
105_06.bmp,33,184,96,89,189,93
105_07.bmp,33,198,93,88,203,90
105_08.bmp,34,218,94,90,223,89
105_09.bmp,30,151,74,82,147,71
105_10.bmp,30,141,64,89,146,66
106_01.bmp,45,133,115,99,131,116
106_02.bmp,46,136,125,99,136,127
106_03.bmp,43,141,124,99,140,124
106_04.bmp,46,144,128,99,143,129
106_05.bmp,46,131,126,99,130,127
106_06.bmp,37,142,114,99,145,117
106_07.bmp,39,146,111,100,150,113
106_08.bmp,37,142,108,99,146,109
106_09.bmp,38,140,112,99,144,115
106_10.bmp,38,139,112,99,143,115
107_01.bmp,46,139,129,108,134,130
107_02.bmp,48,171,95,108,166,99
107_03.bmp,49,183,96,97,182,95
107_04.bmp,49,178,97,98,183,102
107_05.bmp,51,168,102,102,169,97
107_06.bmp,49,192,110,108,194,110
107_07.bmp,48,195,111,109,198,108
107_08.bmp,49,195,112,108,197,112
107_09.bmp,50,194,120,109,197,119
107_10.bmp,50,201,125,108,204,126
108_01.bmp,30,158,134,89,163,135
108_02.bmp,30,168,128,89,173,130
108_03.bmp,32,160,119,90,165,119
108_04.bmp,30,176,136,89,181,138
108_05.bmp,30,178,124,89,183,126
108_06.bmp,30,197,137,84,192,140
108_07.bmp,29,183,128,86,181,133
108_08.bmp,29,185,119,81,190,119
108_09.bmp,30,192,123,89,187,125
108_10.bmp,31,191,131,85,186,129
109_01.bmp,42,157,94,114,154,89
109_02.bmp,41,153,94,84,156,95
109_03.bmp,43,148,89,103,151,93
109_04.bmp,41,140,93,102,143,98
109_05.bmp,42,141,95,103,141,100
109_06.bmp,34,138,113,99,138,114
109_07.bmp,35,136,110,98,136,114
109_08.bmp,35,142,120,85,140,125
109_09.bmp,35,153,118,98,152,122
109_10.bmp,35,154,127,98,154,132
110_01.bmp,36,143,114,86,140,119
110_02.bmp,39,139,111,84,140,115
110_03.bmp,40,141,114,81,145,114
110_04.bmp,41,147,113,99,142,117
110_05.bmp,40,139,112,82,141,110
110_06.bmp,39,122,116,92,118,119
110_07.bmp,39,123,115,91,118,119
110_08.bmp,40,121,116,91,116,117
110_09.bmp,42,116,116,90,111,119
110_10.bmp,43,112,117,90,107,121
111_01.bmp,28,167,126,81,171,130
111_02.bmp,29,162,130,81,167,134
111_03.bmp,29,161,120,81,164,125
111_04.bmp,28,164,117,81,169,122
111_05.bmp,28,165,121,82,170,122
111_06.bmp,25,131,112,0,0,0
111_07.bmp,25,137,112,0,0,0
111_08.bmp,25,133,112,0,0,0
111_09.bmp,25,132,115,0,0,0
111_10.bmp,25,124,110,0,0,0
112_01.bmp,26,138,111,98,133,113
112_02.bmp,26,161,115,100,160,113
112_03.bmp,26,159,128,102,160,123
112_04.bmp,27,159,127,80,155,123
112_05.bmp,27,164,131,80,161,126
112_06.bmp,25,175,137,0,0,0
112_07.bmp,25,169,144,0,0,0
112_08.bmp,25,169,148,0,0,0
112_09.bmp,25,177,145,0,0,0
112_10.bmp,25,175,150,0,0,0
113_01.bmp,49,143,100,109,141,95
113_02.bmp,50,151,93,106,150,95
113_03.bmp,52,145,92,110,146,90
113_04.bmp,52,148,93,108,147,92
113_05.bmp,51,139,95,111,139,90
113_06.bmp,43,143,103,113,146,100
113_07.bmp,43,139,106,114,142,101
113_08.bmp,44,140,105,114,143,100
113_09.bmp,44,143,101,113,146,98
113_10.bmp,45,140,102,84,135,107
114_01.bmp,34,162,135,86,166,139
114_02.bmp,34,158,135,87,162,138
114_03.bmp,34,160,124,101,158,129
114_04.bmp,36,159,139,81,163,134
114_05.bmp,37,162,125,110,157,127
114_06.bmp,32,200,102,92,204,104
114_07.bmp,34,158,85,92,162,90
114_08.bmp,31,144,84,92,144,84
114_09.bmp,32,143,85,94,148,87
114_10.bmp,33,144,85,90,145,90
115_01.bmp,54,158,117,109,154,112
115_02.bmp,53,156,114,106,152,111
115_03.bmp,53,163,106,96,167,110
115_04.bmp,53,165,105,98,168,107
115_05.bmp,54,158,108,106,154,107
115_06.bmp,51,171,104,84,167,109
115_07.bmp,49,188,104,86,188,109
115_08.bmp,48,191,103,83,186,108
115_09.bmp,48,197,101,107,200,96
115_10.bmp,48,206,101,107,209,96
116_01.bmp,37,154,95,104,150,92
116_02.bmp,36,154,92,102,149,91
116_03.bmp,37,149,94,103,145,93
116_04.bmp,39,142,91,104,138,88
116_05.bmp,39,146,96,104,143,93
116_06.bmp,35,180,119,101,185,117
116_07.bmp,35,177,121,102,182,117
116_08.bmp,34,171,120,101,176,117
116_09.bmp,35,163,119,101,168,117
116_10.bmp,34,156,112,101,161,109
117_01.bmp,45,179,103,105,175,100
117_02.bmp,45,184,100,105,180,97
117_03.bmp,46,182,101,105,178,99
117_04.bmp,47,180,104,106,176,101
117_05.bmp,47,180,106,106,176,102
117_06.bmp,40,196,121,105,201,120
117_07.bmp,40,193,123,106,197,121
117_08.bmp,40,129,108,84,132,113
117_09.bmp,39,133,109,98,131,109
117_10.bmp,40,137,113,104,142,112
118_01.bmp,59,232,121,92,233,119
118_02.bmp,59,131,128,116,129,123
118_03.bmp,55,228,115,86,226,119
118_04.bmp,40,230,145,86,234,150
118_05.bmp,59,222,113,113,217,118
118_06.bmp,28,18,2,83,23,7
118_07.bmp,26,16,6,129,20,1
118_08.bmp,55,113,138,89,108,142
118_09.bmp,32,128,180,81,128,184
118_10.bmp,40,132,173,81,128,177
119_01.bmp,34,159,78,99,155,83
119_02.bmp,32,154,84,92,153,89
119_03.bmp,33,163,75,95,163,80
119_04.bmp,33,163,73,92,162,78
119_05.bmp,36,160,76,99,165,80
119_06.bmp,33,191,88,92,187,93
119_07.bmp,33,196,90,98,198,92
119_08.bmp,32,191,89,94,196,94
119_09.bmp,32,193,87,92,196,89
119_10.bmp,32,194,86,92,191,90
120_01.bmp,34,161,77,101,161,72
120_02.bmp,37,175,82,103,175,79
120_03.bmp,38,181,84,98,176,79
120_04.bmp,38,178,83,103,177,78
120_05.bmp,39,175,82,103,174,77
120_06.bmp,36,217,108,100,217,105
120_07.bmp,35,198,92,101,197,89
120_08.bmp,34,196,98,101,195,95
120_09.bmp,34,187,91,101,186,86
120_10.bmp,35,200,86,101,201,81
121_01.bmp,29,144,124,86,141,129
121_02.bmp,31,142,120,88,138,125
121_03.bmp,32,143,117,88,141,121
121_04.bmp,31,141,117,87,138,122
121_05.bmp,31,138,121,87,135,126
121_06.bmp,30,130,131,81,125,131
121_07.bmp,31,129,129,92,129,134
121_08.bmp,32,128,130,92,123,134
121_09.bmp,32,123,135,95,126,140
121_10.bmp,32,119,136,90,114,136
122_01.bmp,44,157,127,109,152,125
122_02.bmp,45,164,131,81,169,135
122_03.bmp,45,169,125,109,164,125
122_04.bmp,45,168,120,108,163,121
122_05.bmp,46,169,125,85,170,130
122_06.bmp,43,158,114,108,162,113
122_07.bmp,43,155,110,107,160,110
122_08.bmp,43,156,114,107,160,114
122_09.bmp,44,159,117,107,163,117
122_10.bmp,45,152,117,108,155,115
123_01.bmp,45,165,99,106,163,99
123_02.bmp,46,161,101,105,160,104
123_03.bmp,45,159,101,106,157,102
123_04.bmp,46,163,100,106,161,101
123_05.bmp,47,161,101,106,159,103
123_06.bmp,45,172,109,105,176,108
123_07.bmp,46,183,111,104,187,113
123_08.bmp,47,186,114,105,190,115
123_09.bmp,47,177,108,105,181,109
123_10.bmp,46,176,111,105,180,110
124_01.bmp,46,119,104,108,116,108
124_02.bmp,46,112,110,107,110,115
124_03.bmp,48,162,116,108,159,119
124_04.bmp,47,180,107,107,177,111
124_05.bmp,47,194,109,107,192,112
124_06.bmp,46,161,124,109,166,128
124_07.bmp,46,165,122,108,169,126
124_08.bmp,47,164,113,108,168,118
124_09.bmp,47,163,111,108,167,115
124_10.bmp,47,161,109,108,166,114
125_01.bmp,31,159,95,92,164,95
125_02.bmp,32,167,97,95,172,96
125_03.bmp,34,165,105,101,160,110
125_04.bmp,34,164,106,101,159,110
125_05.bmp,35,172,102,101,168,107
125_06.bmp,32,178,114,94,173,118
125_07.bmp,33,198,111,98,194,115
125_08.bmp,34,185,99,82,182,97
125_09.bmp,32,186,104,81,182,101
125_10.bmp,32,183,101,81,180,98
126_01.bmp,41,184,83,108,179,84
126_02.bmp,41,178,79,106,173,83
126_03.bmp,42,177,87,107,172,89
126_04.bmp,42,176,86,107,171,89
126_05.bmp,43,178,100,108,173,103
126_06.bmp,37,166,118,104,171,120
126_07.bmp,35,163,111,104,168,112
126_08.bmp,38,178,92,96,177,96
126_09.bmp,37,186,100,103,191,103
126_10.bmp,39,176,108,104,181,109
127_01.bmp,37,150,126,110,146,126
127_02.bmp,36,147,125,104,152,122
127_03.bmp,37,146,125,106,150,121
127_04.bmp,38,144,129,112,141,126
127_05.bmp,38,142,132,113,140,127
127_06.bmp,41,112,115,114,115,113
127_07.bmp,41,109,116,115,111,113
127_08.bmp,41,110,113,114,113,112
127_09.bmp,40,110,121,113,112,124
127_10.bmp,41,99,119,114,103,119
128_01.bmp,42,178,119,109,173,123
128_02.bmp,43,185,118,109,180,122
128_03.bmp,43,183,117,109,178,121
128_04.bmp,44,182,120,108,177,124
128_05.bmp,45,184,120,109,179,124
128_06.bmp,41,151,121,109,156,123
128_07.bmp,42,156,119,81,157,121
128_08.bmp,43,157,118,109,161,120
128_09.bmp,43,159,123,109,164,125
128_10.bmp,43,159,120,109,163,122
129_01.bmp,48,151,99,107,149,94
129_02.bmp,50,158,102,107,156,97
129_03.bmp,50,156,103,107,154,98
129_04.bmp,51,157,112,108,155,107
129_05.bmp,52,158,110,102,162,108
129_06.bmp,46,194,121,107,197,117
129_07.bmp,47,197,120,107,200,116
129_08.bmp,48,198,116,107,201,114
129_09.bmp,48,199,115,108,202,110
129_10.bmp,49,204,117,107,207,114
130_01.bmp,54,144,102,96,148,104
130_02.bmp,54,144,102,96,148,104
130_03.bmp,54,138,102,97,141,103
130_04.bmp,54,140,100,97,145,99
130_05.bmp,55,146,105,96,150,108
130_06.bmp,52,188,101,94,184,104
130_07.bmp,52,186,103,94,183,105
130_08.bmp,53,179,100,93,176,103
130_09.bmp,52,178,114,89,178,119
130_10.bmp,53,178,105,94,175,107
131_01.bmp,44,159,97,108,157,93
131_02.bmp,45,155,90,108,152,86
131_03.bmp,46,159,89,96,154,84
131_04.bmp,46,161,91,106,159,89
131_05.bmp,46,162,98,95,157,93
131_06.bmp,46,163,101,108,166,97
131_07.bmp,45,163,100,104,168,99
131_08.bmp,46,166,103,107,171,99
131_09.bmp,47,169,99,108,174,94
131_10.bmp,46,164,99,106,168,95
132_01.bmp,40,176,100,81,175,96
132_02.bmp,40,167,93,85,167,98
132_03.bmp,41,171,95,103,175,99
132_04.bmp,42,171,93,112,166,93
132_05.bmp,42,172,87,103,176,90
132_06.bmp,48,182,125,81,177,120
132_07.bmp,48,184,124,81,179,120
132_08.bmp,48,178,126,86,182,123
132_09.bmp,48,185,128,81,187,129
132_10.bmp,48,183,124,81,184,125
133_01.bmp,49,154,102,94,159,107
133_02.bmp,50,155,96,81,151,91
133_03.bmp,50,150,101,81,154,96
133_04.bmp,50,154,101,94,159,106
133_05.bmp,50,153,107,96,158,110
133_06.bmp,44,163,86,111,167,82
133_07.bmp,44,161,87,109,165,84
133_08.bmp,45,167,83,109,171,81
133_09.bmp,46,173,85,109,177,83
133_10.bmp,47,167,83,109,170,81
134_01.bmp,47,145,101,103,140,103
134_02.bmp,47,143,94,103,139,96
134_03.bmp,47,142,93,104,137,94
134_04.bmp,48,130,100,108,126,96
134_05.bmp,49,131,92,108,127,88
134_06.bmp,40,143,94,106,145,98
134_07.bmp,40,131,98,109,135,98
134_08.bmp,40,134,105,109,138,104
134_09.bmp,40,135,104,109,140,102
134_10.bmp,40,141,105,110,146,102
135_01.bmp,38,156,98,106,151,97
135_02.bmp,37,152,100,107,148,98
135_03.bmp,38,149,103,105,145,103
135_04.bmp,39,151,107,107,147,105
135_05.bmp,40,148,106,107,144,104
135_06.bmp,35,189,80,104,194,79
135_07.bmp,36,188,81,105,193,79
135_08.bmp,36,193,86,105,198,83
135_09.bmp,36,192,85,105,197,82
135_10.bmp,36,193,86,105,198,83
136_01.bmp,45,151,145,107,147,141
136_02.bmp,44,156,123,107,152,120
136_03.bmp,45,152,132,107,148,129
136_04.bmp,45,168,134,108,165,130
136_05.bmp,46,175,140,107,171,138
136_06.bmp,45,162,136,109,167,132
136_07.bmp,46,178,142,108,182,139
136_08.bmp,47,179,147,107,182,145
136_09.bmp,45,148,131,105,153,130
136_10.bmp,45,153,122,105,157,121
137_01.bmp,34,163,116,99,159,115
137_02.bmp,36,155,112,99,152,110
137_03.bmp,37,154,112,99,151,110
137_04.bmp,36,147,105,97,145,103
137_05.bmp,38,153,112,99,151,108
137_06.bmp,35,170,122,97,175,122
137_07.bmp,34,165,127,90,160,128
137_08.bmp,35,168,126,99,172,123
137_09.bmp,36,161,125,99,166,123
137_10.bmp,36,168,118,99,172,115
138_01.bmp,29,202,95,86,204,99
138_02.bmp,29,203,95,85,207,100
138_03.bmp,31,213,95,92,211,96
138_04.bmp,31,223,90,92,222,95
138_05.bmp,31,227,88,92,224,89
138_06.bmp,27,191,94,80,189,96
138_07.bmp,27,197,94,80,193,94
138_08.bmp,28,200,90,82,195,85
138_09.bmp,28,207,85,82,202,82
138_10.bmp,27,229,88,80,224,85
139_01.bmp,47,168,96,113,165,97
139_02.bmp,47,167,96,113,164,96
139_03.bmp,47,157,94,112,154,96
139_04.bmp,47,158,95,112,155,95
139_05.bmp,48,160,94,112,157,94
139_06.bmp,43,180,110,112,185,110
139_07.bmp,43,182,111,111,187,112
139_08.bmp,44,185,111,113,189,109
139_09.bmp,44,185,111,113,190,109
139_10.bmp,44,178,110,112,182,110
140_01.bmp,37,176,91,105,171,96
140_02.bmp,37,181,94,104,176,99
140_03.bmp,38,188,88,106,183,90
140_04.bmp,39,200,84,106,195,85
140_05.bmp,39,185,86,104,180,90
140_06.bmp,33,180,97,97,176,102
140_07.bmp,35,195,98,101,195,103
140_08.bmp,36,195,102,101,195,107
140_09.bmp,35,195,103,103,196,105
140_10.bmp,36,194,102,103,195,103
141_01.bmp,39,151,72,108,149,70
141_02.bmp,39,162,71,108,161,70
141_03.bmp,40,155,71,108,153,69
141_04.bmp,41,147,71,107,145,71
141_05.bmp,42,152,71,108,149,70
141_06.bmp,40,209,104,107,212,104
141_07.bmp,42,183,88,109,186,87
141_08.bmp,42,173,89,109,176,88
141_09.bmp,43,178,82,108,180,84
141_10.bmp,44,173,83,109,176,84
142_01.bmp,46,143,120,101,138,117
142_02.bmp,46,149,119,99,144,119
142_03.bmp,45,150,120,99,145,120
142_04.bmp,46,161,109,99,156,108
142_05.bmp,46,155,113,98,150,113
142_06.bmp,45,163,103,98,165,105
142_07.bmp,45,167,95,105,172,94
142_08.bmp,45,165,100,103,170,99
142_09.bmp,45,156,104,104,161,101
142_10.bmp,46,156,102,103,161,101
143_01.bmp,41,184,111,106,179,113
143_02.bmp,42,182,110,108,177,109
143_03.bmp,42,184,106,103,183,108
143_04.bmp,41,184,106,108,179,105
143_05.bmp,42,189,105,107,184,105
143_06.bmp,38,180,107,103,181,105
143_07.bmp,37,180,102,104,182,100
143_08.bmp,38,179,96,107,183,91
143_09.bmp,38,182,95,102,184,95
143_10.bmp,38,187,94,106,189,89
144_01.bmp,41,157,128,113,152,123
144_02.bmp,42,150,135,99,151,140
144_03.bmp,43,158,134,99,158,139
144_04.bmp,43,155,136,99,156,141
144_05.bmp,44,161,137,98,164,140
144_06.bmp,37,188,88,102,187,89
144_07.bmp,38,194,84,104,196,83
144_08.bmp,38,205,84,107,210,83
144_09.bmp,39,204,84,107,209,85
144_10.bmp,39,199,83,108,204,82
145_01.bmp,40,212,64,105,207,65
145_02.bmp,42,201,63,103,196,64
145_03.bmp,40,211,90,106,206,89
145_04.bmp,40,189,87,106,184,86
145_05.bmp,40,192,87,104,187,90
145_06.bmp,33,190,111,81,191,115
145_07.bmp,35,219,112,85,221,111
145_08.bmp,35,152,90,83,156,95
145_09.bmp,35,145,82,93,140,86
145_10.bmp,35,169,72,86,166,68
146_01.bmp,40,180,118,92,175,123
146_02.bmp,41,181,117,93,176,122
146_03.bmp,41,179,119,93,174,124
146_04.bmp,41,178,119,92,173,124
146_05.bmp,41,177,119,92,172,124
146_06.bmp,39,188,108,98,193,109
146_07.bmp,38,197,120,97,202,122
146_08.bmp,37,202,120,88,198,125
146_09.bmp,38,199,119,89,196,123
146_10.bmp,39,202,123,97,207,126
147_01.bmp,29,157,71,85,158,74
147_02.bmp,28,156,72,83,153,71
147_03.bmp,29,160,67,81,157,70
147_04.bmp,30,153,73,89,158,75
147_05.bmp,31,144,81,92,149,76
147_06.bmp,34,144,117,90,140,121
147_07.bmp,34,128,120,89,123,125
147_08.bmp,33,146,122,98,149,121
147_09.bmp,35,150,128,103,155,128
147_10.bmp,34,151,141,90,146,142
148_01.bmp,48,172,81,116,167,80
148_02.bmp,47,169,97,116,164,96
148_03.bmp,49,168,93,116,163,93
148_04.bmp,48,170,90,114,166,93
148_05.bmp,46,162,75,116,157,75
148_06.bmp,37,164,109,110,166,114
148_07.bmp,37,163,105,110,165,110
148_08.bmp,38,157,105,110,159,110
148_09.bmp,38,163,101,113,168,106
148_10.bmp,38,163,101,113,168,106
149_01.bmp,49,144,103,101,140,107
149_02.bmp,50,145,103,101,141,108
149_03.bmp,50,136,99,101,132,104
149_04.bmp,50,139,97,101,135,102
149_05.bmp,50,137,103,101,133,108
149_06.bmp,44,171,93,101,174,96
149_07.bmp,44,171,93,100,174,97
149_08.bmp,44,173,90,101,176,93
149_09.bmp,44,176,91,101,179,94
149_10.bmp,44,165,88,100,168,93
150_01.bmp,43,160,87,104,157,92
150_02.bmp,44,152,90,104,149,95
150_03.bmp,43,160,89,104,157,94
150_04.bmp,43,154,90,104,151,95
150_05.bmp,44,148,91,104,145,95
150_06.bmp,41,148,91,104,152,92
150_07.bmp,41,151,90,104,154,91
150_08.bmp,41,149,95,104,153,95
150_09.bmp,41,147,94,104,150,96
150_10.bmp,41,148,94,104,151,96
151_01.bmp,34,148,135,101,147,140
151_02.bmp,35,146,136,102,144,141
151_03.bmp,38,146,135,103,144,139
151_04.bmp,36,148,135,104,146,138
151_05.bmp,37,146,135,102,145,140
151_06.bmp,36,184,113,105,189,116
151_07.bmp,35,184,115,104,189,120
151_08.bmp,37,179,118,105,184,123
151_09.bmp,37,179,121,105,184,124
151_10.bmp,36,181,127,105,186,131
152_01.bmp,43,161,112,81,166,112
152_02.bmp,43,167,110,101,162,115
152_03.bmp,43,176,106,102,171,109
152_04.bmp,43,179,107,101,174,112
152_05.bmp,43,178,115,102,174,117
152_06.bmp,38,168,95,106,173,93
152_07.bmp,39,175,99,108,180,94
152_08.bmp,39,173,99,103,178,101
152_09.bmp,39,174,99,82,169,102
152_10.bmp,39,168,99,106,173,96
153_01.bmp,48,163,118,115,158,113
153_02.bmp,49,154,119,115,149,114
153_03.bmp,49,148,118,114,143,114
153_04.bmp,49,150,120,114,145,116
153_05.bmp,50,145,124,115,140,119
153_06.bmp,40,166,116,116,171,112
153_07.bmp,40,172,110,81,172,105
153_08.bmp,42,164,115,84,160,120
153_09.bmp,43,169,114,114,174,111
153_10.bmp,45,167,109,115,172,107
154_01.bmp,48,133,126,109,130,121
154_02.bmp,48,131,127,108,128,124
154_03.bmp,49,126,127,102,131,122
154_04.bmp,48,128,127,102,132,122
154_05.bmp,47,135,124,100,140,119
154_06.bmp,47,166,132,104,171,130
154_07.bmp,48,171,138,104,176,135
154_08.bmp,48,173,140,104,178,137
154_09.bmp,49,173,141,102,175,137
154_10.bmp,49,169,140,99,170,139
155_01.bmp,42,189,104,92,191,109
155_02.bmp,42,189,103,101,184,103
155_03.bmp,42,193,102,101,188,103
155_04.bmp,43,194,101,101,189,101
155_05.bmp,43,193,102,101,188,102
155_06.bmp,35,162,114,102,167,113
155_07.bmp,36,154,115,81,151,119
155_08.bmp,37,153,110,101,158,112
155_09.bmp,37,154,112,102,159,113
155_10.bmp,37,156,111,102,161,110
156_01.bmp,30,193,111,89,188,116
156_02.bmp,30,196,110,89,193,114
156_03.bmp,30,195,109,89,200,114
156_04.bmp,30,199,115,89,194,118
156_05.bmp,30,189,118,89,186,122
156_06.bmp,44,166,95,125,171,90
156_07.bmp,46,162,89,126,166,84
156_08.bmp,44,159,90,128,161,90
156_09.bmp,34,149,100,81,152,102
156_10.bmp,42,154,85,125,155,90
157_01.bmp,45,135,97,106,131,97
157_02.bmp,45,140,87,106,136,87
157_03.bmp,45,140,87,106,136,87
157_04.bmp,47,138,89,105,134,91
157_05.bmp,47,141,92,106,137,92
157_06.bmp,41,148,95,103,153,99
157_07.bmp,41,150,95,105,155,95
157_08.bmp,40,143,87,106,148,85
157_09.bmp,41,140,100,106,145,99
157_10.bmp,41,149,95,107,154,91
158_01.bmp,45,158,114,103,154,115
158_02.bmp,44,142,110,104,137,108
158_03.bmp,44,140,103,104,135,101
158_04.bmp,45,147,100,103,143,100
158_05.bmp,45,149,87,102,144,90
158_06.bmp,46,157,128,102,162,128
158_07.bmp,46,153,132,101,158,134
158_08.bmp,46,152,129,101,157,131
158_09.bmp,46,152,130,101,157,133
158_10.bmp,46,143,128,102,148,129
159_01.bmp,42,164,121,105,164,123
159_02.bmp,41,167,119,105,166,121
159_03.bmp,43,168,118,105,167,121
159_04.bmp,45,168,120,103,168,125
159_05.bmp,46,169,122,105,168,125
159_06.bmp,42,176,107,104,177,110
159_07.bmp,44,177,105,104,179,107
159_08.bmp,45,173,105,105,175,106
159_09.bmp,46,176,103,104,177,105
159_10.bmp,47,180,105,105,182,106
160_01.bmp,32,144,122,92,146,126
160_02.bmp,33,146,118,97,150,117
160_03.bmp,33,143,123,97,145,123
160_04.bmp,33,142,123,98,147,128
160_05.bmp,34,154,122,101,157,118
160_06.bmp,29,183,118,86,178,123
160_07.bmp,29,186,116,81,191,121
160_08.bmp,30,181,116,88,177,121
160_09.bmp,30,181,116,88,177,121
160_10.bmp,29,183,117,82,188,122
161_01.bmp,42,188,110,113,185,109
161_02.bmp,43,194,108,113,190,108
161_03.bmp,44,195,111,112,191,112
161_04.bmp,46,194,107,113,191,106
161_05.bmp,47,202,113,113,199,112
161_06.bmp,42,170,121,82,165,116
161_07.bmp,42,174,118,82,179,114
161_08.bmp,43,174,116,111,178,117
161_09.bmp,44,180,115,81,182,112
161_10.bmp,45,178,116,81,175,112
162_01.bmp,46,148,103,103,147,105
162_02.bmp,45,146,104,105,145,104
162_03.bmp,45,142,99,104,141,100
162_04.bmp,45,150,101,104,148,103
162_05.bmp,46,150,107,109,149,102
162_06.bmp,45,148,90,103,153,94
162_07.bmp,45,152,96,104,157,98
162_08.bmp,45,149,93,104,154,94
162_09.bmp,45,150,92,102,155,96
162_10.bmp,46,152,95,103,157,98
163_01.bmp,43,131,107,111,130,103
163_02.bmp,43,128,106,110,127,104
163_03.bmp,44,118,107,111,117,103
163_04.bmp,44,120,106,110,119,104
163_05.bmp,43,126,101,109,126,100
163_06.bmp,41,153,91,92,156,96
163_07.bmp,41,165,93,88,166,98
163_08.bmp,43,155,90,108,159,93
163_09.bmp,43,147,88,108,151,89
163_10.bmp,41,212,104,101,209,109
164_01.bmp,54,148,113,103,144,118
164_02.bmp,54,146,107,103,141,112
164_03.bmp,54,136,106,102,133,111
164_04.bmp,55,147,107,104,142,112
164_05.bmp,55,140,107,107,135,108
164_06.bmp,49,195,105,108,200,102
164_07.bmp,49,195,106,109,200,101
164_08.bmp,49,195,102,109,200,97
164_09.bmp,49,195,103,109,200,98
164_10.bmp,50,194,103,109,199,99
165_01.bmp,38,143,87,83,144,92
165_02.bmp,37,149,89,86,154,93
165_03.bmp,39,157,103,89,162,105
165_04.bmp,39,157,99,115,154,94
165_05.bmp,39,161,99,113,158,94
165_06.bmp,36,151,97,81,150,99
165_07.bmp,35,145,95,83,148,97
165_08.bmp,35,149,91,101,144,92
165_09.bmp,37,150,90,101,145,91
165_10.bmp,37,154,86,81,151,88
166_01.bmp,45,173,91,100,170,96
166_02.bmp,46,174,90,101,172,95
166_03.bmp,46,173,93,99,169,98
166_04.bmp,47,172,95,100,169,100
166_05.bmp,47,170,92,100,167,97
166_06.bmp,44,156,100,99,160,105
166_07.bmp,44,162,101,99,167,106
166_08.bmp,45,163,98,100,168,102
166_09.bmp,44,165,103,100,170,106
166_10.bmp,45,169,100,100,173,104
167_01.bmp,43,179,93,121,175,89
167_02.bmp,45,182,90,119,180,89
167_03.bmp,45,183,93,120,180,90
167_04.bmp,45,185,91,120,183,87
167_05.bmp,46,187,91,121,183,87
167_06.bmp,44,170,104,120,175,101
167_07.bmp,44,165,106,81,166,107
167_08.bmp,45,159,104,118,164,104
167_09.bmp,44,154,104,121,159,100
167_10.bmp,44,150,102,119,155,102
168_01.bmp,32,188,114,91,183,119
168_02.bmp,32,188,110,93,183,113
168_03.bmp,32,192,111,90,187,116
168_04.bmp,33,186,110,90,181,114
168_05.bmp,34,187,106,91,182,109
168_06.bmp,21,193,113,0,0,0
168_07.bmp,22,193,114,0,0,0
168_08.bmp,22,185,111,0,0,0
168_09.bmp,24,182,108,0,0,0
168_10.bmp,25,181,107,0,0,0
169_01.bmp,52,181,115,106,176,118
169_02.bmp,52,178,113,111,174,108
169_03.bmp,53,180,114,103,175,119
169_04.bmp,53,181,116,113,177,111
169_05.bmp,54,179,117,111,174,113
169_06.bmp,45,196,112,81,191,113
169_07.bmp,45,199,115,82,194,117
169_08.bmp,45,196,113,82,191,113
169_09.bmp,46,195,113,86,197,117
169_10.bmp,47,196,113,81,191,112
170_01.bmp,50,154,106,104,154,109
170_02.bmp,50,154,106,104,154,109
170_03.bmp,49,155,109,104,155,111
170_04.bmp,50,160,113,104,160,115
170_05.bmp,50,159,108,104,159,111
170_06.bmp,47,148,100,107,153,105
170_07.bmp,47,156,102,107,161,107
170_08.bmp,47,157,103,107,162,108
170_09.bmp,47,164,106,107,169,111
170_10.bmp,47,169,108,107,174,113
171_01.bmp,45,141,91,106,136,91
171_02.bmp,45,141,84,106,136,85
171_03.bmp,44,136,80,104,131,82
171_04.bmp,43,130,75,106,125,75
171_05.bmp,44,125,76,105,120,76
171_06.bmp,40,127,116,104,132,120
171_07.bmp,40,116,119,106,121,121
171_08.bmp,39,141,111,105,146,113
171_09.bmp,40,147,114,106,152,116
171_10.bmp,39,161,110,106,166,110
172_01.bmp,48,205,108,108,200,108
172_02.bmp,48,212,106,108,207,105
172_03.bmp,49,220,109,108,215,109
172_04.bmp,49,221,104,108,216,105
172_05.bmp,47,202,101,108,197,101
172_06.bmp,40,163,127,109,168,128
172_07.bmp,40,163,124,109,168,126
172_08.bmp,40,174,128,108,179,130
172_09.bmp,42,160,126,109,165,129
172_10.bmp,42,169,132,105,171,133
173_01.bmp,37,152,121,99,148,125
173_02.bmp,37,153,123,99,149,127
173_03.bmp,37,150,124,99,146,127
173_04.bmp,37,147,125,81,150,124
173_05.bmp,39,149,127,99,145,130
173_06.bmp,37,203,90,106,206,89
173_07.bmp,37,192,100,104,196,100
173_08.bmp,39,193,95,106,196,92
173_09.bmp,38,190,93,105,194,90
173_10.bmp,38,192,92,104,195,92
174_01.bmp,44,146,126,110,141,126
174_02.bmp,46,138,119,109,133,123
174_03.bmp,47,154,127,110,149,128
174_04.bmp,47,150,126,109,145,128
174_05.bmp,47,150,125,109,145,127
174_06.bmp,39,181,117,106,186,116
174_07.bmp,40,179,120,106,184,120
174_08.bmp,41,180,120,106,185,119
174_09.bmp,36,146,138,107,151,137
174_10.bmp,36,144,131,106,149,130
175_01.bmp,38,182,113,107,177,113
175_02.bmp,38,182,116,107,177,114
175_03.bmp,39,183,120,95,185,124
175_04.bmp,40,191,112,95,194,116
175_05.bmp,42,198,121,104,193,120
175_06.bmp,39,179,92,105,184,88
175_07.bmp,39,184,97,105,189,95
175_08.bmp,39,185,91,106,190,87
175_09.bmp,38,182,100,105,187,96
175_10.bmp,39,178,99,103,183,99
176_01.bmp,47,158,107,105,156,109
176_02.bmp,48,162,101,105,160,103
176_03.bmp,47,165,101,102,161,105
176_04.bmp,48,164,100,105,161,102
176_05.bmp,47,166,102,102,161,106
176_06.bmp,50,161,98,104,166,101
176_07.bmp,51,150,99,104,155,104
176_08.bmp,51,146,95,105,151,99
176_09.bmp,51,150,98,105,155,103
176_10.bmp,49,147,100,105,152,101
177_01.bmp,40,167,104,105,162,104
177_02.bmp,40,172,112,104,167,113
177_03.bmp,41,164,114,103,159,116
177_04.bmp,41,160,115,82,165,113
177_05.bmp,40,160,120,95,165,115
177_06.bmp,45,186,106,105,190,109
177_07.bmp,45,182,108,105,186,113
177_08.bmp,46,193,106,85,188,105
177_09.bmp,46,206,110,104,210,115
177_10.bmp,36,169,121,105,170,126
178_01.bmp,28,159,95,82,154,90
178_02.bmp,28,154,101,81,149,106
178_03.bmp,28,159,100,83,154,98
178_04.bmp,28,167,93,83,162,93
178_05.bmp,28,162,85,82,159,90
178_06.bmp,27,133,86,80,128,87
178_07.bmp,27,135,86,80,133,89
178_08.bmp,27,134,89,80,131,92
178_09.bmp,27,143,90,80,145,92
178_10.bmp,27,154,93,80,152,96
179_01.bmp,39,170,107,106,166,107
179_02.bmp,40,166,104,105,162,106
179_03.bmp,41,163,102,105,160,103
179_04.bmp,42,160,101,102,157,105
179_05.bmp,41,166,104,104,163,105
179_06.bmp,34,191,121,101,196,124
179_07.bmp,33,200,122,98,201,127
179_08.bmp,33,194,126,98,196,131
179_09.bmp,34,200,130,101,205,135
179_10.bmp,34,202,129,101,206,130
180_01.bmp,36,178,117,107,173,122
180_02.bmp,38,180,115,107,175,119
180_03.bmp,38,180,113,107,175,118
180_04.bmp,40,188,109,107,183,114
180_05.bmp,40,184,116,107,179,120
180_06.bmp,36,168,126,106,173,128
180_07.bmp,36,176,123,105,181,126
180_08.bmp,37,184,119,105,189,122
180_09.bmp,39,182,126,105,187,129
180_10.bmp,38,184,124,105,189,126
181_01.bmp,50,160,115,105,155,112
181_02.bmp,49,164,112,105,159,108
181_03.bmp,49,174,103,105,169,100
181_04.bmp,49,182,110,105,177,107
181_05.bmp,49,188,105,105,183,101
181_06.bmp,45,152,128,101,155,128
181_07.bmp,45,150,122,102,155,121
181_08.bmp,47,144,115,104,149,114
181_09.bmp,46,144,118,104,149,116
181_10.bmp,48,144,119,104,149,119
182_01.bmp,46,175,106,109,170,102
182_02.bmp,47,176,106,107,171,103
182_03.bmp,48,169,106,108,164,102
182_04.bmp,47,173,104,110,168,99
182_05.bmp,47,176,105,109,171,100
182_06.bmp,42,182,73,103,187,76
182_07.bmp,40,178,71,106,183,72
182_08.bmp,40,172,77,106,177,77
182_09.bmp,40,170,69,106,175,69
182_10.bmp,39,177,71,102,177,67
183_01.bmp,38,134,97,88,133,96
183_02.bmp,39,132,101,104,127,101
183_03.bmp,39,132,101,84,127,105
183_04.bmp,40,129,96,85,125,100
183_05.bmp,38,127,95,104,122,95
183_06.bmp,40,129,123,99,126,122
183_07.bmp,41,135,116,107,140,114
183_08.bmp,42,132,111,107,137,109
183_09.bmp,43,137,105,106,142,105
183_10.bmp,43,133,103,106,138,100
184_01.bmp,42,141,116,109,136,118
184_02.bmp,44,132,118,108,127,122
184_03.bmp,45,125,120,108,120,124
184_04.bmp,45,122,123,109,117,125
184_05.bmp,45,127,125,109,122,127
184_06.bmp,47,206,88,107,210,89
184_07.bmp,45,169,81,108,173,81
184_08.bmp,47,170,82,107,174,83
184_09.bmp,48,169,82,108,173,81
184_10.bmp,47,167,81,107,171,81
185_01.bmp,33,154,93,98,151,98
185_02.bmp,34,152,94,101,148,96
185_03.bmp,35,155,90,100,151,93
185_04.bmp,34,164,88,98,161,93
185_05.bmp,34,166,90,101,162,91
185_06.bmp,31,153,105,88,148,110
185_07.bmp,31,156,108,92,155,112
185_08.bmp,31,163,104,86,158,109
185_09.bmp,31,159,106,87,155,111
185_10.bmp,31,168,105,88,164,108
186_01.bmp,39,158,122,111,153,122
186_02.bmp,39,159,120,111,154,120
186_03.bmp,40,163,122,110,158,125
186_04.bmp,40,156,124,111,151,125
186_05.bmp,41,156,123,114,153,122
186_06.bmp,37,170,108,93,168,113
186_07.bmp,38,170,109,82,165,109
186_08.bmp,38,174,106,111,179,111
186_09.bmp,38,181,111,96,181,113
186_10.bmp,39,185,109,81,188,105
187_01.bmp,34,144,100,101,144,105
187_02.bmp,35,152,109,101,153,114
187_03.bmp,38,148,107,107,143,110
187_04.bmp,38,150,109,107,145,112
187_05.bmp,37,160,104,106,155,108
187_06.bmp,40,172,118,87,168,119
187_07.bmp,42,158,129,82,158,126
187_08.bmp,42,155,131,81,156,129
187_09.bmp,42,162,137,84,158,142
187_10.bmp,43,166,134,82,166,131
188_01.bmp,45,170,106,108,166,106
188_02.bmp,45,170,100,108,166,98
188_03.bmp,45,169,92,108,165,91
188_04.bmp,46,175,85,108,171,84
188_05.bmp,42,167,81,108,163,80
188_06.bmp,42,184,103,108,188,100
188_07.bmp,42,180,96,108,184,93
188_08.bmp,42,181,94,107,185,92
188_09.bmp,42,178,92,108,182,88
188_10.bmp,43,180,94,108,185,90
189_01.bmp,51,160,114,104,155,116
189_02.bmp,51,164,119,105,159,119
189_03.bmp,52,153,117,106,148,117
189_04.bmp,53,154,122,105,149,124
189_05.bmp,53,161,136,107,157,134
189_06.bmp,47,153,117,103,158,119
189_07.bmp,48,133,124,103,138,124
189_08.bmp,48,138,113,103,143,114
189_09.bmp,47,134,111,103,139,113
189_10.bmp,48,133,107,103,138,109
190_01.bmp,51,161,94,82,156,99
190_02.bmp,51,163,98,82,159,103
190_03.bmp,51,150,84,82,145,89
190_04.bmp,51,146,92,81,141,97
190_05.bmp,52,149,94,106,152,96
190_06.bmp,48,144,120,102,142,117
190_07.bmp,48,141,121,99,139,126
190_08.bmp,49,144,115,82,145,120
190_09.bmp,50,144,114,99,141,119
190_10.bmp,50,144,112,105,147,116
191_01.bmp,46,145,131,97,143,129
191_02.bmp,46,130,132,94,129,133
191_03.bmp,46,137,121,94,136,122
191_04.bmp,46,135,126,93,135,128
191_05.bmp,46,132,125,98,127,128
191_06.bmp,45,143,121,101,147,124
191_07.bmp,45,140,118,99,145,123
191_08.bmp,45,132,124,97,132,128
191_09.bmp,45,137,118,102,142,120
191_10.bmp,46,138,119,104,143,120
192_01.bmp,45,155,106,107,154,107
192_02.bmp,45,148,111,109,146,108
192_03.bmp,46,148,114,108,146,113
192_04.bmp,46,157,108,108,155,107
192_05.bmp,47,148,111,108,146,109
192_06.bmp,51,181,113,109,184,113
192_07.bmp,51,186,106,108,189,109
192_08.bmp,52,179,105,109,182,107
192_09.bmp,52,187,107,108,191,110
192_10.bmp,51,180,109,109,183,109
193_01.bmp,50,123,85,106,121,82
193_02.bmp,50,173,110,97,169,105
193_03.bmp,50,157,111,103,161,106
193_04.bmp,51,162,118,101,166,117
193_05.bmp,51,165,111,103,168,107
193_06.bmp,46,157,82,107,162,79
193_07.bmp,45,152,74,108,157,70
193_08.bmp,44,152,67,107,157,64
193_09.bmp,43,156,75,106,161,72
193_10.bmp,45,160,72,105,163,71
194_01.bmp,56,164,122,103,161,122
194_02.bmp,55,165,125,104,162,122
194_03.bmp,56,165,124,103,162,123
194_04.bmp,56,170,124,103,167,123
194_05.bmp,56,166,124,104,162,121
194_06.bmp,48,182,112,104,186,110
194_07.bmp,48,183,109,102,187,108
194_08.bmp,49,189,109,102,193,107
194_09.bmp,49,189,109,104,193,106
194_10.bmp,49,182,108,81,184,110
195_01.bmp,55,167,107,105,163,106
195_02.bmp,54,168,112,109,167,108
195_03.bmp,54,172,107,105,173,112
195_04.bmp,56,170,99,111,166,99
195_05.bmp,57,165,109,104,160,109
195_06.bmp,58,172,96,108,171,96
195_07.bmp,59,171,93,107,171,95
195_08.bmp,59,163,88,108,163,87
195_09.bmp,59,170,81,106,169,83
195_10.bmp,55,171,94,113,176,90
196_01.bmp,26,156,118,119,159,117
196_02.bmp,27,178,126,80,177,130
196_03.bmp,26,171,120,117,175,118
196_04.bmp,26,177,126,117,182,126
196_05.bmp,27,180,122,80,181,127
196_06.bmp,30,177,87,85,178,91
196_07.bmp,31,166,88,92,163,90
196_08.bmp,32,165,77,88,164,82
196_09.bmp,32,170,70,88,173,71
196_10.bmp,28,169,117,83,174,121
197_01.bmp,34,144,136,101,143,138
197_02.bmp,34,151,135,101,149,138
197_03.bmp,34,139,139,101,136,141
197_04.bmp,33,138,133,98,133,138
197_05.bmp,34,136,126,101,134,130
197_06.bmp,33,190,120,98,195,125
197_07.bmp,33,198,122,82,194,122
197_08.bmp,34,193,118,99,198,122
197_09.bmp,34,191,116,99,196,121
197_10.bmp,34,191,112,99,196,117
198_01.bmp,37,124,127,101,119,132
198_02.bmp,38,133,117,107,131,114
198_03.bmp,39,132,119,107,130,116
198_04.bmp,39,130,124,107,128,122
198_05.bmp,39,133,125,107,131,123
198_06.bmp,32,140,94,95,136,99
198_07.bmp,32,133,87,85,130,90
198_08.bmp,32,140,92,90,135,91
198_09.bmp,32,138,106,86,137,106
198_10.bmp,32,149,107,84,145,112
199_01.bmp,51,172,104,81,176,101
199_02.bmp,50,166,114,81,169,109
199_03.bmp,50,163,111,81,167,106
199_04.bmp,50,168,104,110,166,100
199_05.bmp,49,162,105,109,159,102
199_06.bmp,50,162,91,102,167,93
199_07.bmp,50,161,89,103,166,89
199_08.bmp,51,166,92,102,171,96
199_09.bmp,51,166,92,103,171,94
199_10.bmp,50,166,90,103,171,90
200_01.bmp,36,170,71,99,170,76
200_02.bmp,36,167,68,99,167,73
200_03.bmp,35,158,71,102,154,73
200_04.bmp,35,144,59,100,141,64
200_05.bmp,36,141,64,104,146,69
200_06.bmp,29,203,80,81,205,85
200_07.bmp,29,215,80,81,220,85
200_08.bmp,30,156,66,88,154,70
200_09.bmp,30,148,64,89,143,68
200_10.bmp,30,152,72,86,157,75
201_01.bmp,49,126,105,108,121,103
201_02.bmp,48,111,100,106,106,102
201_03.bmp,45,148,93,107,143,91
201_04.bmp,45,151,97,104,147,101
201_05.bmp,45,163,94,107,158,93
201_06.bmp,40,181,114,109,184,109
201_07.bmp,39,184,109,109,187,104
201_08.bmp,39,171,104,109,174,99
201_09.bmp,39,187,107,109,190,103
201_10.bmp,39,190,110,109,193,106
202_01.bmp,41,184,115,104,179,120
202_02.bmp,43,194,109,104,189,113
202_03.bmp,44,171,109,106,166,112
202_04.bmp,42,180,104,105,175,108
202_05.bmp,42,174,108,106,169,112
202_06.bmp,38,163,102,104,168,107
202_07.bmp,37,157,105,106,162,106
202_08.bmp,37,160,104,105,165,107
202_09.bmp,37,171,113,106,176,114
202_10.bmp,37,170,110,107,175,109
203_01.bmp,53,160,97,107,158,102
203_02.bmp,52,156,98,110,153,97
203_03.bmp,53,159,87,109,156,88
203_04.bmp,53,163,92,101,159,91
203_05.bmp,53,154,91,109,151,91
203_06.bmp,49,187,111,84,182,115
203_07.bmp,48,194,113,109,199,113
203_08.bmp,49,201,113,106,205,117
203_09.bmp,48,199,111,106,203,114
203_10.bmp,49,203,111,81,200,116
204_01.bmp,38,179,112,106,174,116
204_02.bmp,39,174,107,109,170,107
204_03.bmp,36,158,109,107,155,111
204_04.bmp,38,146,98,108,142,99
204_05.bmp,39,151,104,111,149,102
204_06.bmp,38,152,82,108,154,81
204_07.bmp,39,165,78,111,165,73
204_08.bmp,39,161,77,111,161,73
204_09.bmp,38,162,77,107,163,76
204_10.bmp,38,160,76,111,160,71
205_01.bmp,40,156,107,107,153,108
205_02.bmp,41,160,114,107,156,115
205_03.bmp,40,150,114,107,147,116
205_04.bmp,41,161,115,106,157,118
205_05.bmp,41,149,119,107,146,121
205_06.bmp,35,135,109,104,136,114
205_07.bmp,35,141,112,104,142,115
205_08.bmp,36,140,109,107,145,113
205_09.bmp,37,139,106,108,144,108
205_10.bmp,37,139,106,108,144,108
206_01.bmp,45,143,99,111,138,97
206_02.bmp,46,146,100,102,149,101
206_03.bmp,47,132,101,109,127,102
206_04.bmp,46,176,97,110,171,96
206_05.bmp,47,164,94,109,159,96
206_06.bmp,39,181,110,109,186,109
206_07.bmp,40,182,103,108,186,103
206_08.bmp,40,180,109,109,185,107
206_09.bmp,39,180,110,110,184,107
206_10.bmp,39,185,109,109,190,108
207_01.bmp,53,145,114,100,140,113
207_02.bmp,54,155,115,99,151,117
207_03.bmp,53,161,115,99,157,116
207_04.bmp,53,157,110,100,153,108
207_05.bmp,53,160,106,100,155,103
207_06.bmp,55,188,107,90,183,110
207_07.bmp,56,193,112,99,197,114
207_08.bmp,56,200,112,99,204,114
207_09.bmp,56,205,118,97,208,123
207_10.bmp,54,187,110,98,190,112
208_01.bmp,43,164,93,86,162,92
208_02.bmp,41,153,92,86,152,90
208_03.bmp,43,159,96,86,157,94
208_04.bmp,45,155,88,88,154,83
208_05.bmp,45,156,90,86,154,90
208_06.bmp,40,167,128,105,172,125
208_07.bmp,40,179,130,106,184,126
208_08.bmp,41,175,127,107,180,122
208_09.bmp,41,176,131,106,181,128
208_10.bmp,40,185,131,106,190,129
209_01.bmp,56,181,79,111,177,80
209_02.bmp,56,176,73,110,172,75
209_03.bmp,57,173,75,110,169,78
209_04.bmp,57,182,73,111,178,74
209_05.bmp,57,180,69,111,176,70
209_06.bmp,54,169,103,111,174,103
209_07.bmp,54,168,105,109,173,108
209_08.bmp,55,169,104,109,174,106
209_09.bmp,56,172,97,109,177,101
209_10.bmp,56,173,101,109,178,104
210_01.bmp,58,147,125,108,143,122
210_02.bmp,59,130,116,106,127,117
210_03.bmp,59,136,116,106,133,116
210_04.bmp,59,137,119,107,134,117
210_05.bmp,59,141,118,107,138,115
210_06.bmp,54,172,121,107,177,118
210_07.bmp,53,165,122,107,170,119
210_08.bmp,53,164,123,81,165,121
210_09.bmp,52,176,121,106,181,119
210_10.bmp,52,104,98,103,108,95
211_01.bmp,39,163,83,105,159,88
211_02.bmp,39,170,87,105,165,92
211_03.bmp,38,165,94,103,160,99
211_04.bmp,39,156,92,102,151,97
211_05.bmp,39,161,92,102,156,97
211_06.bmp,39,173,94,106,178,96
211_07.bmp,40,173,86,106,178,88
211_08.bmp,40,175,92,107,179,91
211_09.bmp,40,179,90,108,183,89
211_10.bmp,38,176,97,107,181,96
212_01.bmp,40,182,85,103,180,83
212_02.bmp,40,186,81,103,184,78
212_03.bmp,41,182,94,105,180,91
212_04.bmp,42,190,82,105,188,78
212_05.bmp,42,185,84,104,183,82
212_06.bmp,44,172,111,106,175,108
212_07.bmp,43,178,112,106,182,109
212_08.bmp,43,174,121,106,178,117
212_09.bmp,43,168,117,106,172,114
212_10.bmp,43,175,105,95,170,107
213_01.bmp,35,161,87,81,165,92
213_02.bmp,35,160,82,96,163,83
213_03.bmp,35,161,80,104,156,83
213_04.bmp,36,165,85,97,166,83
213_05.bmp,37,167,72,107,165,74
213_06.bmp,31,172,108,82,174,113
213_07.bmp,31,175,108,88,173,112
213_08.bmp,32,177,107,81,172,102
213_09.bmp,34,180,107,81,182,112
213_10.bmp,34,180,108,82,183,113
214_01.bmp,42,160,119,102,157,124
214_02.bmp,43,155,113,102,152,117
214_03.bmp,43,162,116,101,158,121
214_04.bmp,43,167,133,102,164,136
214_05.bmp,43,164,126,101,161,130
214_06.bmp,42,194,118,102,197,123
214_07.bmp,42,187,114,102,189,118
214_08.bmp,43,196,117,102,198,122
214_09.bmp,44,205,132,103,207,136
214_10.bmp,44,213,131,103,215,134
215_01.bmp,46,161,117,102,156,115
215_02.bmp,46,166,100,102,162,97
215_03.bmp,47,165,99,101,160,99
215_04.bmp,47,166,106,102,162,104
215_05.bmp,47,165,100,101,160,99
215_06.bmp,43,162,108,101,166,107
215_07.bmp,44,163,104,101,167,102
215_08.bmp,45,164,99,99,168,101
215_09.bmp,44,173,112,101,176,109
215_10.bmp,45,174,112,101,178,110
216_01.bmp,46,153,108,108,150,108
216_02.bmp,45,156,102,107,153,102
216_03.bmp,46,164,115,108,160,114
216_04.bmp,47,165,115,107,162,116
216_05.bmp,47,163,107,108,159,106
216_06.bmp,44,176,105,107,181,105
216_07.bmp,45,176,107,105,181,111
216_08.bmp,46,166,103,114,169,99
216_09.bmp,46,170,98,105,175,103
216_10.bmp,45,175,99,107,180,101
217_01.bmp,53,139,81,102,134,77
217_02.bmp,54,137,89,101,132,87
217_03.bmp,54,139,95,114,135,90
217_04.bmp,54,140,98,114,136,93
217_05.bmp,54,132,95,103,127,90
217_06.bmp,45,184,111,109,182,106
217_07.bmp,46,182,110,109,179,106
217_08.bmp,47,183,111,109,181,106
217_09.bmp,46,190,117,109,188,113
217_10.bmp,47,186,124,109,182,121
218_01.bmp,40,184,100,105,179,100
218_02.bmp,41,182,96,105,177,97
218_03.bmp,40,184,94,104,180,96
218_04.bmp,39,180,95,104,175,96
218_05.bmp,39,186,95,105,181,95
218_06.bmp,38,161,132,97,159,133
218_07.bmp,39,159,131,97,156,132
218_08.bmp,39,154,130,90,156,128
218_09.bmp,39,156,130,105,161,126
218_10.bmp,40,168,131,105,173,127
219_01.bmp,33,144,75,96,144,76
219_02.bmp,33,150,84,97,149,83
219_03.bmp,35,155,86,101,150,85
219_04.bmp,34,150,80,101,145,80
219_05.bmp,34,158,83,101,153,82
219_06.bmp,30,135,113,81,133,118
219_07.bmp,30,132,114,81,130,119
219_08.bmp,31,127,116,81,124,121
219_09.bmp,31,124,114,81,122,119
219_10.bmp,31,127,117,86,124,117
220_01.bmp,45,147,91,104,144,91
220_02.bmp,45,143,88,103,141,90
220_03.bmp,47,147,85,103,144,85
220_04.bmp,47,155,90,103,153,89
220_05.bmp,47,157,88,103,154,87
220_06.bmp,43,178,108,104,181,110
220_07.bmp,43,183,113,104,186,115
220_08.bmp,44,195,113,104,197,113
220_09.bmp,44,195,118,104,197,119
220_10.bmp,44,189,117,104,191,117
221_01.bmp,36,135,83,107,130,87
221_02.bmp,36,134,75,105,129,79
221_03.bmp,37,135,79,110,132,81
221_04.bmp,37,145,83,90,147,82
221_05.bmp,37,136,82,110,133,83
221_06.bmp,36,167,80,81,162,75
221_07.bmp,36,181,88,82,176,88
221_08.bmp,38,154,81,113,157,82
221_09.bmp,38,163,81,113,168,81
221_10.bmp,37,174,77,109,179,82
222_01.bmp,53,178,107,109,174,108
222_02.bmp,54,178,103,108,175,105
222_03.bmp,55,176,108,109,172,110
222_04.bmp,54,172,106,106,167,111
222_05.bmp,55,179,97,107,175,102
222_06.bmp,59,172,110,106,177,109
222_07.bmp,59,165,122,108,170,119
222_08.bmp,59,170,118,103,175,120
222_09.bmp,59,164,117,103,169,119
222_10.bmp,59,164,116,103,169,118
223_01.bmp,37,167,112,97,163,116
223_02.bmp,37,167,118,98,162,122
223_03.bmp,39,168,113,98,165,114
223_04.bmp,40,171,112,99,168,113
223_05.bmp,40,171,105,98,166,108
223_06.bmp,40,174,120,102,179,118
223_07.bmp,41,175,107,99,178,110
223_08.bmp,43,176,108,99,179,113
223_09.bmp,43,176,110,101,180,110
223_10.bmp,42,176,109,104,181,104
224_01.bmp,37,164,98,104,159,94
224_02.bmp,38,165,97,103,160,94
224_03.bmp,38,162,97,104,158,92
224_04.bmp,39,175,92,104,170,89
224_05.bmp,40,174,97,104,170,93
224_06.bmp,44,169,110,104,174,105
224_07.bmp,46,169,109,104,174,107
224_08.bmp,45,171,111,104,175,107
224_09.bmp,45,165,114,104,169,111
224_10.bmp,43,169,119,105,173,114
